,pid,eid,probe_name,session_number,date,subject,lab
0,56f2a378-78d2-4132-b3c8-8c1ba82be598,6713a4a7-faed-4df2-acab-ee4e63326f8d,probe00,1,2020-02-18,NYU-11,angelakilab
1,47be9ae4-290f-46ab-b047-952bc3a1a509,56956777-dca5-468c-87cb-78150432cc57,probe01,1,2020-02-21,NYU-11,angelakilab
2,6be21156-33b0-4f70-9a0f-65b3e3cd6d4a,56956777-dca5-468c-87cb-78150432cc57,probe00,1,2020-02-21,NYU-11,angelakilab
3,8dfb86c8-d45c-46c4-90ec-33078014d434,4364a246-f8d7-4ce7-ba23-a098104b96e4,probe01,1,2020-01-20,NYU-12,angelakilab
4,c893c0a3-5597-49cf-baa1-60efdfdef542,b182b754-3c3e-4942-8144-6ee790926b58,probe01,1,2020-01-21,NYU-12,angelakilab
5,1e176f17-d00f-49bb-87ff-26d237b525f1,a8a8af78-16de-4841-ab07-fde4b5281a03,probe00,1,2020-01-22,NYU-12,angelakilab
6,701026df-e170-4ca7-88aa-eb0b95ef6ba1,a8a8af78-16de-4841-ab07-fde4b5281a03,probe01,1,2020-01-22,NYU-12,angelakilab
7,6506252f-1141-4e11-8816-4db01b71dda0,032ffcdf-7692-40b3-b9ff-8def1fc18b2e,probe01,1,2020-01-23,NYU-12,angelakilab
8,d213e786-4b1c-477d-a710-766d69fa1ac1,032ffcdf-7692-40b3-b9ff-8def1fc18b2e,probe00,1,2020-01-23,NYU-12,angelakilab
9,8895f61f-1c17-4d2f-8b9b-77476c5261b6,8c33abef-3d3e-4d42-9f27-445e9def08f9,probe01,2,2020-08-13,NYU-21,angelakilab
10,f475ae14-9415-453e-b800-1480ea1c868d,8c33abef-3d3e-4d42-9f27-445e9def08f9,probe00,2,2020-08-13,NYU-21,angelakilab
11,73ff4936-8cd3-4a75-a772-f563e67d249d,ebe2efe3-e8a1-451a-8947-76ef42427cc9,probe00,1,2020-08-19,NYU-21,angelakilab
12,ac088ddb-9e1e-49ae-b341-46a8445cf809,ebe2efe3-e8a1-451a-8947-76ef42427cc9,probe01,1,2020-08-19,NYU-21,angelakilab
13,7b05cccc-44f6-4491-a0ea-e38d6e95513d,77e6dc6a-66ed-433c-b1a2-778c914f523c,probe00,1,2020-10-20,NYU-30,angelakilab
14,99993a2b-588e-4c0c-bfec-e3dfb4f61534,5569f363-0934-464e-9a5b-77c8e67791a1,probe00,1,2020-10-21,NYU-30,angelakilab
15,298e2a70-9801-45f0-b91c-d6bb9718427e,5ec72172-3901-4771-8777-6e9490ca51fc,probe00,1,2020-10-22,NYU-30,angelakilab
16,9dff5593-e781-41a3-a6f9-20d06085e4f8,5ec72172-3901-4771-8777-6e9490ca51fc,probe01,1,2020-10-22,NYU-30,angelakilab
17,c4b5a9fa-10cb-4195-9c17-15b6a1f77f9a,7af49c00-63dd-4fed-b2e0-1b3bd945b20b,probe01,1,2021-01-25,NYU-37,angelakilab
18,f93bfce4-e814-4ae3-9cdf-59f4dcdedf51,7af49c00-63dd-4fed-b2e0-1b3bd945b20b,probe00,1,2021-01-25,NYU-37,angelakilab
19,511afaa5-fdc4-4166-b4c0-4629ec5e652e,f88d4dd4-ccd7-400e-9035-fa00be3bcfa8,probe00,1,2021-01-26,NYU-37,angelakilab
20,decc8d40-cf74-4263-ae9d-a0cc68b47e86,f88d4dd4-ccd7-400e-9035-fa00be3bcfa8,probe01,1,2021-01-26,NYU-37,angelakilab
21,16ad5eef-3fa6-4c75-9296-29bf40c5cfaa,83d85891-bd75-4557-91b4-1cbb5f8bfc9d,probe00,1,2021-01-27,NYU-37,angelakilab
22,66f810a8-b18d-4b54-9f28-2964dfceccad,83d85891-bd75-4557-91b4-1cbb5f8bfc9d,probe01,1,2021-01-27,NYU-37,angelakilab
23,7332e6cf-9847-4aca-b2e3-d864989dd0fb,aec5d3cc-4bb2-4349-80a9-0395b76f04e2,probe01,1,2021-01-30,NYU-37,angelakilab
24,789fd2ee-c755-46c5-9c6f-260092520216,aec5d3cc-4bb2-4349-80a9-0395b76f04e2,probe00,1,2021-01-30,NYU-37,angelakilab
25,b7c57ce1-a75b-410a-94b6-8abee5a92c4f,21d21fc3-4201-4edc-802a-c67b61952548,probe00,1,2021-02-01,NYU-37,angelakilab
26,0909252c-3ad0-413f-96f5-7eff885b50aa,6ed57216-498d-48a6-b48b-a243a34710ea,probe01,1,2021-05-10,NYU-39,angelakilab
27,e45a00b1-14a0-4f5e-9ea5-9f76d042b11c,6ed57216-498d-48a6-b48b-a243a34710ea,probe00,1,2021-05-10,NYU-39,angelakilab
28,117f0d28-3cc0-4837-9e3e-46db5bc3e662,35ed605c-1a1a-47b1-86ff-2b56144f55af,probe00,1,2021-05-11,NYU-39,angelakilab
29,85bdeae3-269b-4e39-bd9b-2b0d95aff2fa,35ed605c-1a1a-47b1-86ff-2b56144f55af,probe01,1,2021-05-11,NYU-39,angelakilab
30,01864e9d-0dbe-41d4-9e3a-0285348ecfc1,fa1f26a1-eb49-4b24-917e-19f02a18ac61,probe01,1,2021-05-12,NYU-39,angelakilab
31,a9e83d8a-7c90-4152-abad-53a1ad94d73a,fa1f26a1-eb49-4b24-917e-19f02a18ac61,probe00,1,2021-05-12,NYU-39,angelakilab
32,0777b1bf-964b-49b7-888b-8a6c9df09c3b,ee212778-3903-4f5b-ac4b-a72f22debf03,probe00,2,2021-05-13,NYU-39,angelakilab
33,9793c99d-f918-4931-8bba-fdb978bd8e0a,ee212778-3903-4f5b-ac4b-a72f22debf03,probe01,2,2021-05-13,NYU-39,angelakilab
34,08ed0b3c-9f94-4c1f-8522-3d42a642a6b0,91a3353a-2da1-420d-8c7c-fad2fedfdd18,probe01,1,2021-05-14,NYU-39,angelakilab
35,a85b9795-f99c-4c1d-a376-8b5ef095ffd7,91a3353a-2da1-420d-8c7c-fad2fedfdd18,probe00,1,2021-05-14,NYU-39,angelakilab
36,43b9b189-5221-46a0-928a-e137bc326534,5157810e-0fff-4bcf-b19d-32d4e39c7dfc,probe01,1,2021-04-13,NYU-40,angelakilab
37,c410fda5-a6db-4697-a7e3-6ed65601844d,5157810e-0fff-4bcf-b19d-32d4e39c7dfc,probe00,1,2021-04-13,NYU-40,angelakilab
38,ce0dc660-f19e-46a3-94f9-646bebae6805,8ca740c5-e7fe-430a-aa10-e74e9c3cbbe8,probe01,1,2021-04-14,NYU-40,angelakilab
39,ef7e9f3e-a53a-4e00-8f6a-537667af2bea,8ca740c5-e7fe-430a-aa10-e74e9c3cbbe8,probe00,1,2021-04-14,NYU-40,angelakilab
40,4431f9fd-aaa8-4b10-905c-0c6869ea1088,71855308-7e54-41d7-a7a4-b042e78e3b4f,probe00,1,2021-04-15,NYU-40,angelakilab
41,5f7766ce-8e2e-410c-9195-6bf089fea4fd,71855308-7e54-41d7-a7a4-b042e78e3b4f,probe01,1,2021-04-15,NYU-40,angelakilab
42,7441d0df-ef9b-419b-ae4d-b9bd7c2f17cb,f359281f-6941-4bfd-90d4-940be22ed3c3,probe01,2,2021-04-16,NYU-40,angelakilab
43,e9c04e7e-c075-4ee3-9750-dff255ec7e84,f359281f-6941-4bfd-90d4-940be22ed3c3,probe00,2,2021-04-16,NYU-40,angelakilab
44,18be19f9-6ca5-4fc8-9220-ba43c3e75905,51e53aff-1d5d-4182-a684-aba783d50ae5,probe01,1,2021-07-19,NYU-45,angelakilab
45,1a60a6e1-da99-4d4e-a734-39b1d4544fad,51e53aff-1d5d-4182-a684-aba783d50ae5,probe00,1,2021-07-19,NYU-45,angelakilab
46,76f16631-cbf7-4883-9437-4e8d8c4f34a3,537677fe-1e24-4755-948c-fa4a4e8ecce5,probe01,2,2021-07-20,NYU-45,angelakilab
47,e7080659-8319-48a6-b6fd-2e8ce8eeec49,537677fe-1e24-4755-948c-fa4a4e8ecce5,probe00,2,2021-07-20,NYU-45,angelakilab
48,7c11adc6-adbd-484f-8ae9-13946285e3f8,5bcafa14-71cb-42fa-8265-ce5cda1b89e0,probe01,1,2021-07-23,NYU-45,angelakilab
49,e4632651-5ba7-48a7-86db-5298b45a5bac,5bcafa14-71cb-42fa-8265-ce5cda1b89e0,probe00,1,2021-07-23,NYU-45,angelakilab
50,98bde8a6-6b6a-4e53-96b1-9078c3974a97,d32876dd-8303-4720-8e7e-20678dc2fd71,probe00,1,2021-06-22,NYU-46,angelakilab
51,79fbd14b-bfad-4b28-90a9-3019bf72336f,72982282-e493-45ee-87ce-aa45cb3a3ec1,probe00,1,2021-06-23,NYU-46,angelakilab
52,a4ed0599-4a72-4afb-8fe9-d0d046aec6aa,72982282-e493-45ee-87ce-aa45cb3a3ec1,probe01,1,2021-06-23,NYU-46,angelakilab
53,f8249eab-d4c2-4fb0-a258-7f4b99fa19e4,6434f2f5-6bce-42b8-8563-d93d493613a2,probe00,1,2021-06-24,NYU-46,angelakilab
54,da17779f-7728-4c51-8b54-b88764c0908d,64e3fb86-928c-4079-865c-b364205b502e,probe01,1,2021-06-25,NYU-46,angelakilab
55,4e6dfe08-cab0-4a05-903b-94283cb9f8e7,15948667-747b-4702-9d53-354ac70e9119,probe00,1,2021-06-22,NYU-47,angelakilab
56,7587e3bb-dd11-4853-b48b-feab0b56ae05,15948667-747b-4702-9d53-354ac70e9119,probe01,1,2021-06-22,NYU-47,angelakilab
57,05ec6af9-6c83-422d-91a3-ba815fa65e92,288bfbf3-3700-4abe-b6e4-130b5c541e61,probe01,3,2021-06-24,NYU-47,angelakilab
58,7dcd74a9-fc7a-4c3c-85b9-769d869629ec,288bfbf3-3700-4abe-b6e4-130b5c541e61,probe00,3,2021-06-24,NYU-47,angelakilab
59,3b729602-20d5-4be8-a10e-24bde8fc3092,fc43390d-457e-463a-9fd4-b94a0a8b48f5,probe00,1,2021-06-25,NYU-47,angelakilab
60,89606895-287e-4559-8536-9830b047af34,fc43390d-457e-463a-9fd4-b94a0a8b48f5,probe01,1,2021-06-25,NYU-47,angelakilab
61,450cea3b-9289-4708-9df2-a2518bdc4b59,a405053a-eb13-4aa4-850c-5a337e5dc7fd,probe00,1,2021-06-29,NYU-48,angelakilab
62,afecbc7f-10e3-40af-b091-cca9e8df6108,a405053a-eb13-4aa4-850c-5a337e5dc7fd,probe01,1,2021-06-29,NYU-48,angelakilab
63,9991277b-9e8e-4db8-b8a6-e2c0176ef9ad,93ad879a-aa42-4150-83e1-38773c9785e4,probe00,1,2021-07-01,NYU-48,angelakilab
64,fe41986d-4966-4a77-af7e-e7f71c25aec5,93ad879a-aa42-4150-83e1-38773c9785e4,probe01,1,2021-07-01,NYU-48,angelakilab
65,a63a7248-9393-478b-9478-64f421ef5eb8,3d59aa1a-b4ba-47fe-b9cf-741b5fdb0c7b,probe00,1,2021-07-02,NYU-48,angelakilab
66,aeb06797-fddf-4ad2-b0ef-dd1b0f54d034,3d59aa1a-b4ba-47fe-b9cf-741b5fdb0c7b,probe01,1,2021-07-02,NYU-48,angelakilab
67,5135e93f-2f1f-4301-9532-b5ad62548c49,a2ec6341-c55f-48a0-a23b-0ef2f5b1d71e,probe00,2,2022-09-12,NYU-65,angelakilab
68,6925a312-966c-4e41-b79e-4594da57a2ee,a2ec6341-c55f-48a0-a23b-0ef2f5b1d71e,probe01,2,2022-09-12,NYU-65,angelakilab
69,81f35c52-f7bb-4342-8f91-1837a068c045,8c025071-c4f3-426c-9aed-f149e8f75b7b,probe00,1,2022-09-15,NYU-65,angelakilab
70,93a76e52-fed0-494f-8852-2b978f56a8e7,8c025071-c4f3-426c-9aed-f149e8f75b7b,probe01,1,2022-09-15,NYU-65,angelakilab
71,79e56114-a12b-4571-bee3-a5cdd2145ea1,bb8d9451-fdbd-4f46-b52e-9290e8f84d2e,probe00,1,2022-09-16,NYU-65,angelakilab
72,e6749a77-4b65-4186-a47e-63562386cecd,bb8d9451-fdbd-4f46-b52e-9290e8f84d2e,probe01,1,2022-09-16,NYU-65,angelakilab
73,5e84c8e7-236f-4a64-a944-dc4a17c64f1d,034e726f-b35f-41e0-8d6c-a22cc32391fb,probe01,1,2020-02-24,CSHL045,churchlandlab
74,8fbfa285-d721-4a1a-8c18-f36652c17909,034e726f-b35f-41e0-8d6c-a22cc32391fb,probe00,1,2020-02-24,CSHL045,churchlandlab
75,53b58cc3-8d88-4257-aa63-48da088f2091,dfd8e7df-dc51-4589-b6ca-7baccfeb94b4,probe01,2,2020-02-25,CSHL045,churchlandlab
76,00a824c0-e060-495f-9ebc-79c82fef4c67,fa704052-147e-46f6-b190-a65b837e605e,probe00,1,2020-02-26,CSHL045,churchlandlab
77,7791ee46-5c13-4d1b-8518-5602dcb8666b,fa704052-147e-46f6-b190-a65b837e605e,probe01,1,2020-02-26,CSHL045,churchlandlab
78,0ece5c6a-7d1e-4365-893d-ac1cc04f1d7b,46794e05-3f6a-4d35-afb3-9165091a5a74,probe01,1,2020-02-27,CSHL045,churchlandlab
79,e070023a-2a5d-4398-ad66-f9ed5d517ad1,7939711b-8b4d-4251-b698-b97c1eaa846e,probe01,1,2020-02-28,CSHL045,churchlandlab
80,0393f34c-a2bd-4c01-99c9-f6b4ec6e786d,b52182e7-39f6-4914-9717-136db589706e,probe00,1,2020-01-21,CSHL047,churchlandlab
81,4762e8ed-4d94-4fd7-9522-e927f5ffca74,b52182e7-39f6-4914-9717-136db589706e,probe01,1,2020-01-21,CSHL047,churchlandlab
82,45c49ba2-a113-4446-9c6d-9b049c1f9f74,2d5f6d81-38c4-4bdc-ac3c-302ea4d5f46e,probe01,2,2020-01-22,CSHL047,churchlandlab
83,dec6ad00-01c8-4bfd-bcdc-b37c5e0cdb0e,2d5f6d81-38c4-4bdc-ac3c-302ea4d5f46e,probe00,2,2020-01-22,CSHL047,churchlandlab
84,f86e9571-63ff-4116-9c40-aa44d57d2da9,4b7fbad4-f6de-43b4-9b15-c7c7ef44db4b,probe00,1,2020-01-08,CSHL049,churchlandlab
85,fd555d39-b728-44aa-90d2-796b8bb58300,4b7fbad4-f6de-43b4-9b15-c7c7ef44db4b,probe01,1,2020-01-08,CSHL049,churchlandlab
86,531423f6-d36d-472b-8234-c8f7b8293f79,c99d53e6-c317-4c53-99ba-070b26673ac4,probe00,1,2020-01-09,CSHL049,churchlandlab
87,2564dc27-4eda-4fc3-a151-c13475796ee1,d2918f52-8280-43c0-924b-029b2317e62c,probe00,2,2020-01-10,CSHL049,churchlandlab
88,ae2b9f1b-ebe3-4b56-8957-31982186e6ec,d839491f-55d8-4cbe-a298-7839208ba12b,probe00,1,2020-01-11,CSHL049,churchlandlab
89,c536b0a9-b710-43c3-ba2c-5a0cccf98ec2,d839491f-55d8-4cbe-a298-7839208ba12b,probe01,1,2020-01-11,CSHL049,churchlandlab
90,e55266c7-eb05-47bb-b263-1cc08dc3c00c,ecb5520d-1358-434c-95ec-93687ecd1396,probe01,1,2020-02-05,CSHL051,churchlandlab
91,f2ee886d-5b9c-4d06-a9be-ee7ae8381114,ecb5520d-1358-434c-95ec-93687ecd1396,probe00,1,2020-02-05,CSHL051,churchlandlab
92,04690e35-ab38-41db-982c-50cbdf8d0dd1,3663d82b-f197-4e8b-b299-7b803a155b84,probe01,3,2020-02-17,CSHL052,churchlandlab
93,b46e219c-6a87-4a93-9924-1070841381e9,3663d82b-f197-4e8b-b299-7b803a155b84,probe00,3,2020-02-17,CSHL052,churchlandlab
94,df07180e-268e-489c-826e-40cb6f63d3a5,85dc2ebd-8aaf-46b0-9284-a197aee8b16f,probe00,2,2020-02-18,CSHL052,churchlandlab
95,5810514e-2a86-4a34-b7bd-1e4b0b601295,5386aba9-9b97-4557-abcd-abc2da66b863,probe00,2,2020-02-19,CSHL052,churchlandlab
96,1841cf1f-725d-499e-ab8e-7f6fc8c308b6,83e77b4b-dfa0-4af9-968b-7ea0c7a0c7e4,probe01,1,2020-02-20,CSHL052,churchlandlab
97,220bca21-4cf8-43f1-a213-71645899c571,83e77b4b-dfa0-4af9-968b-7ea0c7a0c7e4,probe00,1,2020-02-20,CSHL052,churchlandlab
98,461ecb39-ab58-4a6c-acd7-22da5b4b4b22,4b00df29-3769-43be-bb40-128b1cba6d35,probe01,1,2020-02-21,CSHL052,churchlandlab
99,8d59da25-3a9c-44be-8b1a-e27cdd39ca34,4b00df29-3769-43be-bb40-128b1cba6d35,probe00,1,2020-02-21,CSHL052,churchlandlab
100,43d4f889-4b05-44df-8306-ea10f854776f,12dc8b34-b18e-4cdd-90a9-da134a9be79c,probe00,1,2020-01-29,CSHL053,churchlandlab
101,188fe7d5-fd1c-494f-88bc-672d77b9779e,0deb75fb-9088-42d9-b744-012fb8fc4afb,probe00,1,2020-01-30,CSHL053,churchlandlab
102,0ce74616-abf8-47c2-86d9-f821cd25efd3,eef82e27-c20e-48da-b4b7-c443031649e3,probe00,1,2020-02-01,CSHL053,churchlandlab
103,04db6b9e-a80c-4507-a98e-ad76294ac444,810b1e07-009e-4ebe-930a-915e4cd8ece4,probe01,2,2020-02-02,CSHL053,churchlandlab
104,c5fd185f-1c5a-4aad-9795-43c4ccf8ea94,810b1e07-009e-4ebe-930a-915e4cd8ece4,probe00,2,2020-02-02,CSHL053,churchlandlab
105,ac680ec5-6f89-4739-9848-9d76fc0e017f,a71175be-d1fd-47a3-aa93-b830ea3634a1,probe00,1,2020-02-11,CSHL054,churchlandlab
106,e10a7a75-4740-41d1-82bb-7696ed14c442,a71175be-d1fd-47a3-aa93-b830ea3634a1,probe01,1,2020-02-11,CSHL054,churchlandlab
107,0eb65305-bb95-4bf1-a154-1b810c0cff25,0cbeae00-e229-4b7d-bdcc-1b0569d7e0c3,probe00,1,2020-02-17,CSHL055,churchlandlab
108,f9656eee-141c-453d-a016-4aba68f674dc,0cbeae00-e229-4b7d-bdcc-1b0569d7e0c3,probe01,1,2020-02-17,CSHL055,churchlandlab
109,d585f4b5-d154-4666-92c4-eb219f1e0f02,f312aaec-3b6f-44b3-86b4-3a0c119c0438,probe01,1,2020-07-07,CSHL058,churchlandlab
110,eeb27b45-5b85-4e5c-b6ff-f639ca5687de,f312aaec-3b6f-44b3-86b4-3a0c119c0438,probe00,1,2020-07-07,CSHL058,churchlandlab
111,5fd00035-89d6-4e7c-bb26-f103388b731d,fb70ebf7-8175-42b0-9b7a-7c6e8612226e,probe01,1,2020-07-08,CSHL058,churchlandlab
112,acf04c3f-650a-4de0-b0d0-edf695dd2025,fb70ebf7-8175-42b0-9b7a-7c6e8612226e,probe00,1,2020-07-08,CSHL058,churchlandlab
113,5458cb27-d065-4626-bcd8-1aa775e1115e,28741f91-c837-4147-939e-918d38d849f2,probe01,3,2020-07-11,CSHL058,churchlandlab
114,bf591043-03c2-48bb-9197-e17e85aaeb8f,28741f91-c837-4147-939e-918d38d849f2,probe00,3,2020-07-11,CSHL058,churchlandlab
115,2d2cdf86-4a0c-42d8-aed3-5b187f160013,d2f5a130-b981-4546-8858-c94ae1da75ff,probe01,1,2020-03-03,CSHL059,churchlandlab
116,79628a45-c2e3-4206-97df-4c91edaff90f,d2f5a130-b981-4546-8858-c94ae1da75ff,probe00,1,2020-03-03,CSHL059,churchlandlab
117,c42574be-0456-437f-8329-afc5a63b7e78,57b5ae8f-d446-4161-b439-b191c5e3e77b,probe01,1,2020-03-05,CSHL059,churchlandlab
118,e88eb9f8-fff3-469a-854d-d16adef19df0,57b5ae8f-d446-4161-b439-b191c5e3e77b,probe00,1,2020-03-05,CSHL059,churchlandlab
119,69f42a9c-095d-4a25-bca8-61a9869871d3,dda5fc59-f09a-4256-9fb5-66c67667a466,probe00,1,2020-03-06,CSHL059,churchlandlab
120,8169d556-f994-4735-b4c8-f7c85ddc39b0,dda5fc59-f09a-4256-9fb5-66c67667a466,probe01,1,2020-03-06,CSHL059,churchlandlab
121,5a9f8899-556a-43ea-892d-5e35b969ff38,d16a9a8d-5f42-4b49-ba58-1746f807fcc1,probe01,2,2020-03-07,CSHL059,churchlandlab
122,50f1512d-dd41-4a0c-b3ab-b0564f0424d7,37e96d0b-5b4b-4c6e-9b29-7edbdc94bbd0,probe01,1,2020-03-08,CSHL059,churchlandlab
123,f4ff3ff8-19b7-40c7-bf6f-8b577b811ed1,37e96d0b-5b4b-4c6e-9b29-7edbdc94bbd0,probe00,1,2020-03-08,CSHL059,churchlandlab
124,35897454-8702-4dc4-9865-7f01fa65f355,2e6e179c-fccc-4e8f-9448-ce5b6858a183,probe01,2,2020-03-09,CSHL060,churchlandlab
125,9f99bd34-40d4-4aac-ae2b-7bc7f7086ccb,2e6e179c-fccc-4e8f-9448-ce5b6858a183,probe00,2,2020-03-09,CSHL060,churchlandlab
126,62a97aee-9f8b-40be-9ea7-f785ede30df8,1191f865-b10a-45c8-9c48-24a980fd9402,probe00,4,2020-03-11,CSHL060,churchlandlab
127,e52942b9-62b8-4cbf-9597-d73aea5cdb3e,1191f865-b10a-45c8-9c48-24a980fd9402,probe01,4,2020-03-11,CSHL060,churchlandlab
128,7bc16ab1-1b0d-4f52-9e4b-210106ea344c,f10efe41-0dc0-44d0-8f26-5ff68dca23e9,probe01,1,2020-03-12,CSHL060,churchlandlab
129,8d0a5caf-2be2-48c1-bf1a-f538bacd46b4,f10efe41-0dc0-44d0-8f26-5ff68dca23e9,probe00,1,2020-03-12,CSHL060,churchlandlab
130,516b2043-0176-49a3-a986-132b3d02f28a,6364ff7f-6471-415a-ab9e-632a12052690,probe01,3,2020-03-14,CSHL060,churchlandlab
131,44f5caad-c703-4279-866b-0303e57d2a7f,7be8fec4-406b-4e74-8548-d2885dcc3d5e,probe00,1,2020-03-15,CSHL060,churchlandlab
132,f74a6b9a-b8a5-4c80-9c30-7dd4cdbb48c0,7be8fec4-406b-4e74-8548-d2885dcc3d5e,probe01,1,2020-03-15,CSHL060,churchlandlab
133,d3507787-60c8-4cea-a61e-0c708b4361d8,7dd27c2f-9544-448d-918d-be0f9837b0e0,probe00,1,2023-08-15,MFD_05,churchlandlab_ucla
134,92822789-608f-44a6-ad64-fe549402b2df,ca4ecb4c-4b60-4723-9b9e-2c54a6290a53,probe00,1,2023-08-16,MFD_05,churchlandlab_ucla
135,d65ab768-bd77-4719-acb9-677abca4e9d8,004d8fd5-41e7-4f1b-a45b-0d4ad76fe446,probe00,1,2023-08-17,MFD_05,churchlandlab_ucla
136,069c2674-80b0-44b4-a3d9-28337512967f,35eeb752-8f4f-4040-9714-ba0f5b7ccdfe,probe00,1,2023-08-22,MFD_06,churchlandlab_ucla
137,d7187e4f-7bfe-42b3-9e36-761c76eb6e8f,97c1d08d-57b4-4595-8052-91eb84ebfd74,probe00,1,2023-08-23,MFD_06,churchlandlab_ucla
138,38e9e5b8-db29-4158-a09d-cc1de4a1365a,a1782f4f-86b0-480c-a7f2-3d8f1ab482ab,probe00,1,2023-08-24,MFD_06,churchlandlab_ucla
139,17fa2600-6349-4b6f-a7e4-d8ea5558fa12,3f71aa98-08c6-4e79-b4c8-00eae4f03eff,probe00,1,2023-08-25,MFD_06,churchlandlab_ucla
140,06b677d6-b074-4444-bd4a-3235a310e6e0,c46b8def-620d-4d70-9397-be5694255f73,probe00,1,2023-08-29,MFD_07,churchlandlab_ucla
141,7a620688-66cb-44d3-b79b-ccac1c8ba23e,15b69921-d471-4ded-8814-2adad954bcd8,probe00,1,2023-08-31,MFD_07,churchlandlab_ucla
142,24149f5c-2984-4b48-922b-3cd1452cd4bd,11163613-a6c9-4975-9586-84dc00481547,probe00,1,2023-09-01,MFD_07,churchlandlab_ucla
143,a8a59fc3-a658-4db4-b5e8-09f1e4df03fd,5ae68c54-2897-4d3a-8120-426150704385,probe00,1,2023-09-07,MFD_08,churchlandlab_ucla
144,a759e857-fd8f-4653-a397-c48547230427,a7eba2cf-427f-4df9-879b-e53e962eae18,probe00,1,2023-09-08,MFD_08,churchlandlab_ucla
145,8c732bf2-639d-496c-bf82-464bc9c2d54b,ebce500b-c530-47de-8cb1-963c552703ea,probe00,1,2023-10-19,MFD_09,churchlandlab_ucla
146,e42e948c-3154-45cb-bf52-408b7cda0f2f,d57df551-6dcb-4242-9c72-b806cff5613a,probe00,1,2021-08-02,UCLA005,churchlandlab_ucla
147,f967a527-257f-404a-871d-b91575dca3b4,19e66dc9-bf9f-430b-9d6a-acfa85de6fb7,probe00,1,2021-12-08,UCLA006,churchlandlab_ucla
148,c07d13ed-e387-4457-8e33-1d16aed3fd92,824cf03d-4012-4ab1-b499-c83a92c5589e,probe00,1,2021-07-20,UCLA011,churchlandlab_ucla
149,ad256265-03f2-4b4e-954b-0ba0c5cf6707,1f095590-6669-46c9-986b-ccaf0620c5e9,probe01,2,2021-07-07,UCLA012,churchlandlab_ucla
150,94e948c1-f7be-4868-893a-f7cd2df3313e,03d9a098-07bf-4765-88b7-85f8d8f620cc,probe00,1,2021-08-18,UCLA014,churchlandlab_ucla
151,3d3d5a5e-df26-43ee-80b6-2d72d85668a5,0c828385-6dd6-4842-a702-c5075f5f5e81,probe00,1,2022-03-31,UCLA015,churchlandlab_ucla
152,b83407f8-8220-46f9-9b90-a4c9f150c572,bb099402-fb31-4cfd-824e-1c97530a0875,probe00,2,2021-11-16,UCLA017,churchlandlab_ucla
153,0c15a331-09ac-445c-837f-6afb5e377e56,7f5df7eb-cf36-4589-a20a-14b535441142,probe00,1,2022-05-03,UCLA030,churchlandlab_ucla
154,27bac116-ea57-4512-ad35-714a62d259cd,111c1762-7908-47e0-9f40-2f2ee55b6505,probe00,1,2022-02-15,UCLA033,churchlandlab_ucla
155,eebcaf65-7fa4-4118-869d-a084e84530e2,111c1762-7908-47e0-9f40-2f2ee55b6505,probe01,1,2022-02-15,UCLA033,churchlandlab_ucla
156,e96cbd77-5fdf-4a35-81f4-4a6361bded65,5455a21c-1be7-4cae-ae8e-8853a8d5f55e,probe00,1,2022-02-17,UCLA033,churchlandlab_ucla
157,2e720cee-05cc-440e-a24b-13794b1ac01d,32d27583-56aa-4510-bc03-669036edad20,probe00,1,2022-02-24,UCLA033,churchlandlab_ucla
158,a94a0023-d461-49fa-8cc6-032237039c27,8a3a0197-b40a-449f-be55-c00b23253bbf,probe01,1,2022-01-25,UCLA034,churchlandlab_ucla
159,f9d8aacd-b2a0-49f2-bd71-c2f5aadcfdd1,8a3a0197-b40a-449f-be55-c00b23253bbf,probe00,1,2022-01-25,UCLA034,churchlandlab_ucla
160,6358854e-51d2-47de-a278-5cbfd155feb6,ebc9392c-1ecb-4b4b-a545-4e3d70d23611,probe00,1,2022-01-26,UCLA034,churchlandlab_ucla
161,c872ca65-8319-4901-856e-7dc507e2dd9c,19b44992-d527-4a12-8bda-aa11379cb08c,probe00,1,2022-01-27,UCLA034,churchlandlab_ucla
162,f083fcd5-e456-433d-8aa5-6ace0a7ac170,19b44992-d527-4a12-8bda-aa11379cb08c,probe01,1,2022-01-27,UCLA034,churchlandlab_ucla
163,501ab543-9d02-4085-956d-22b9b3eeb543,3537d970-f515-4786-853f-23de525e110f,probe00,1,2022-01-28,UCLA034,churchlandlab_ucla
164,54455bff-7afd-4a16-835f-f79b7c30bae9,6f36868f-5cc1-450c-82fa-6b9829ce0cfe,probe00,1,2022-02-18,UCLA035,churchlandlab_ucla
165,7c94d733-b913-4064-83f2-37422712204c,6f36868f-5cc1-450c-82fa-6b9829ce0cfe,probe01,1,2022-02-18,UCLA035,churchlandlab_ucla
166,6ad5a0a6-362a-4aec-8743-2e91469b0b62,f99ac31f-171b-4208-a55d-5644c0ad51c3,probe00,1,2022-02-24,UCLA035,churchlandlab_ucla
167,6e61f777-90b9-4656-af30-9ed54d426c5a,f99ac31f-171b-4208-a55d-5644c0ad51c3,probe01,1,2022-02-24,UCLA035,churchlandlab_ucla
168,80f6ffdd-f692-450f-ab19-cd6d45bfd73e,e2b845a1-e313-4a08-bc61-a5f662ed295e,probe00,1,2022-03-09,UCLA036,churchlandlab_ucla
169,ac839451-05bc-493e-b167-558b2b195baa,e2b845a1-e313-4a08-bc61-a5f662ed295e,probe01,1,2022-03-09,UCLA036,churchlandlab_ucla
170,02cc03e4-8015-4050-bb42-6c832091febb,2bdf206a-820f-402f-920a-9e86cd5388a4,probe00,1,2022-02-02,UCLA037,churchlandlab_ucla
171,afe87fbb-3a17-461f-b333-e22903f1d70d,2bdf206a-820f-402f-920a-9e86cd5388a4,probe01,1,2022-02-02,UCLA037,churchlandlab_ucla
172,e05af01e-8721-4ec7-8d0f-dc022b3bebc3,fa8ad50d-76f2-45fa-a52f-08fe3d942345,probe00,1,2022-02-08,UCLA037,churchlandlab_ucla
173,5245b505-d0e7-4942-94d1-b33a084fab03,8d316998-28c3-4265-b029-e2ca82375b2f,probe00,1,2022-02-09,UCLA037,churchlandlab_ucla
174,29418b18-4db6-436f-a85e-b0f1d38d2e62,bda2faf5-9563-4940-a80f-ce444259e47b,probe00,1,2022-02-10,UCLA037,churchlandlab_ucla
175,6d9b6393-6729-4a15-ad08-c6838842a074,91bac580-76ed-41ab-ac07-89051f8d7f6e,probe00,1,2022-04-14,UCLA044,churchlandlab_ucla
176,c64201ea-262e-45fe-8f41-5a074780cd59,23c75e0b-05d8-452e-8efb-a3687ab94079,probe00,1,2022-04-22,UCLA044,churchlandlab_ucla
177,53b3a7c6-ae42-49da-b69c-69e55a43a427,dc962048-89bb-4e6a-96a9-b062a2be1426,probe01,1,2022-08-16,UCLA048,churchlandlab_ucla
178,ee3345e6-540d-4cea-9e4a-7f1b2fb9a4e4,dc962048-89bb-4e6a-96a9-b062a2be1426,probe00,1,2022-08-16,UCLA048,churchlandlab_ucla
179,c6e294f7-5421-4697-8618-8ccc9b0269f6,0841d188-8ef2-4f20-9828-76a94d5343a4,probe00,1,2022-08-02,UCLA049,churchlandlab_ucla
180,dd75e810-a399-4364-9d4a-517312cf3010,0841d188-8ef2-4f20-9828-76a94d5343a4,probe01,1,2022-08-02,UCLA049,churchlandlab_ucla
181,5544da75-8d34-47cb-9092-1f91e713e79c,8a1cf4ef-06e3-4c72-9bc7-e1baa189841b,probe01,1,2022-08-12,UCLA049,churchlandlab_ucla
182,5e8ac11b-959a-49ab-a6a3-8a3397e1df0e,8a1cf4ef-06e3-4c72-9bc7-e1baa189841b,probe00,1,2022-08-12,UCLA049,churchlandlab_ucla
183,f68d9f26-ac40-4c67-9cbf-9ad1851292f7,687017d4-c9fc-458f-a7d5-0979fe1a7470,probe00,1,2022-07-12,UCLA052,churchlandlab_ucla
184,53ecbf4f-e0d8-4fe6-a852-8b934a37a1c2,16693458-0801-4d35-a3f1-9115c7e5acfd,probe00,1,2019-12-03,KS014,cortexlab
185,b543e81e-4c8f-415e-82ec-631b177d19d2,16693458-0801-4d35-a3f1-9115c7e5acfd,probe01,1,2019-12-03,KS014,cortexlab
186,9150758e-1390-41d1-b426-96675e60dbea,e1931de1-cf7b-49af-af33-2ade15e8abe7,probe00,1,2019-12-05,KS014,cortexlab
187,fe2d6fc9-b0c4-4256-b427-9c06950da925,e1931de1-cf7b-49af-af33-2ade15e8abe7,probe01,1,2019-12-05,KS014,cortexlab
188,ea931b15-6214-4b80-8d88-7acbbe071bc0,b9c205c3-feac-485b-a89d-afc96d9cb280,probe00,1,2019-12-07,KS014,cortexlab
189,31811232-52ef-456c-9772-5021c00b2bc9,6cf2a88a-515b-4f7f-89a2-7d53eab9b5f4,probe00,1,2019-12-05,KS016,cortexlab
190,fa539f97-a078-4fc6-9a12-237799466d9c,6cf2a88a-515b-4f7f-89a2-7d53eab9b5f4,probe01,1,2019-12-05,KS016,cortexlab
191,c0c3bcca-6a79-47ef-becb-b1a157a3f2cb,16c3667b-e0ea-43fb-9ad4-8dcd1e6c40e1,probe00,1,2019-12-08,KS016,cortexlab
192,d595ee58-75bb-4df3-96de-d9b4f4d1f6ab,16c3667b-e0ea-43fb-9ad4-8dcd1e6c40e1,probe01,1,2019-12-08,KS016,cortexlab
193,15a2a63f-739d-4eb0-ab8f-fc95b6299b68,dd87e278-999d-478b-8cbd-b5bf92b84763,probe01,1,2019-12-09,KS016,cortexlab
194,46448da7-ad7b-4ca8-b3ab-2d1d47439cbf,dd87e278-999d-478b-8cbd-b5bf92b84763,probe00,1,2019-12-09,KS016,cortexlab
195,3675290c-8134-4598-b924-83edb7940269,15f742e1-1043-45c9-9504-f1e8a53c1744,probe00,1,2019-12-09,KS022,cortexlab
196,82765a73-2a03-42ca-ba98-194247caa62e,15f742e1-1043-45c9-9504-f1e8a53c1744,probe01,1,2019-12-09,KS022,cortexlab
197,adca9242-0725-41d4-8eb1-5655a464431d,a4000c2f-fa75-4b3e-8f06-a7cf599b87ad,probe01,1,2019-12-06,KS023,cortexlab
198,e8129a86-b5a9-4d2e-9e9c-09689c9bf0b3,a4000c2f-fa75-4b3e-8f06-a7cf599b87ad,probe00,1,2019-12-06,KS023,cortexlab
199,6a22a5b4-79ec-4b3c-b023-1ec7b4a2b675,cc45c568-c3b9-4f74-836e-c87762e898c8,probe01,1,2019-12-07,KS023,cortexlab
200,aab5be05-5c1c-4c08-9739-1274bc3bcf4f,cc45c568-c3b9-4f74-836e-c87762e898c8,probe00,1,2019-12-07,KS023,cortexlab
201,26af22bb-b295-4a45-8ed3-1700604c0708,a92c4b1d-46bd-457e-a1f4-414265f0e2d4,probe01,1,2019-12-08,KS023,cortexlab
202,f44d2056-644c-4769-a189-7efe67b0269d,a92c4b1d-46bd-457e-a1f4-414265f0e2d4,probe00,1,2019-12-08,KS023,cortexlab
203,45e7731f-4a43-45d5-9029-c080150bc596,aad23144-0e52-4eac-80c5-c4ee2decb198,probe00,1,2019-12-10,KS023,cortexlab
204,b749446c-18e3-4987-820a-50649ab0f826,aad23144-0e52-4eac-80c5-c4ee2decb198,probe01,1,2019-12-10,KS023,cortexlab
205,10ef1dcd-093c-4839-8f38-90a25edefb49,8c552ddc-813e-4035-81cc-3971b57efe65,probe01,1,2020-11-23,KS042,cortexlab
206,b98f6b89-3de4-4295-be1c-59e465de1e32,8c552ddc-813e-4035-81cc-3971b57efe65,probe00,1,2020-11-23,KS042,cortexlab
207,530f1670-9412-44ac-afdb-935d46bcaad3,07dc4b76-5b93-4a03-82a0-b3d9cc73f412,probe00,1,2020-11-24,KS042,cortexlab
208,97207d87-3fcd-4ebb-b0c7-087bdbf8a95c,07dc4b76-5b93-4a03-82a0-b3d9cc73f412,probe01,1,2020-11-24,KS042,cortexlab
209,0c42a3d2-beb7-4b7b-a9b5-1eea6c51e1f4,9468fa93-21ae-4984-955c-e8402e280c83,probe01,1,2020-12-06,KS043,cortexlab
210,f0dfd1c1-d315-4cf8-9130-05d3be2ea0cb,9468fa93-21ae-4984-955c-e8402e280c83,probe00,1,2020-12-06,KS043,cortexlab
211,1d547041-230a-4af3-ba6a-7287de2bdec3,e5c75b62-6871-4135-b3d0-f6464c2d90c0,probe01,1,2020-12-07,KS043,cortexlab
212,aac3b928-e99a-4039-ace1-af45d0130d82,e5c75b62-6871-4135-b3d0-f6464c2d90c0,probe00,1,2020-12-07,KS043,cortexlab
213,50445b30-f4ef-4405-b014-1d792ddfed88,a6fe44a8-07ab-49b8-81f9-e18575aa85cc,probe01,1,2020-12-07,KS044,cortexlab
214,825ba9b8-ce03-49b7-b1a8-4d85ae2185af,a6fe44a8-07ab-49b8-81f9-e18575aa85cc,probe00,1,2020-12-07,KS044,cortexlab
215,3017e4dc-2150-43ad-9b08-b95b48ba8dfa,781b35fd-e1f0-4d14-b2bb-95b7263082bb,probe00,1,2020-12-09,KS044,cortexlab
216,70da415f-444d-4148-ade7-a1f58a16fcf8,781b35fd-e1f0-4d14-b2bb-95b7263082bb,probe01,1,2020-12-09,KS044,cortexlab
217,437f43e1-9c8f-4be9-ac89-97885b0e03d0,571d3ffe-54a5-473d-a265-5dc373eb7efc,probe01,2,2020-12-06,KS045,cortexlab
218,aecd7612-b5c5-4ad2-9e76-e5b783387e47,571d3ffe-54a5-473d-a265-5dc373eb7efc,probe00,2,2020-12-06,KS045,cortexlab
219,63435e73-6a72-4007-b0da-03e6473e6870,0ac8d013-b91e-4732-bc7b-a1164ff3e445,probe01,1,2020-12-02,KS046,cortexlab
220,8d661567-49f3-4547-997d-a345c0ffe2dd,0ac8d013-b91e-4732-bc7b-a1164ff3e445,probe00,1,2020-12-02,KS046,cortexlab
221,1a276285-8b0e-4cc9-9f0a-a3a002978724,69c9a415-f7fa-4208-887b-1417c1479b48,probe00,1,2020-12-03,KS046,cortexlab
222,72274871-80e5-4fb9-be1a-bb04acebb1de,69c9a415-f7fa-4208-887b-1417c1479b48,probe01,1,2020-12-03,KS046,cortexlab
223,ad315779-2b39-46c4-8348-b166e796fa7c,dfbe628d-365b-461c-a07f-8b9911ba83aa,probe00,1,2020-12-04,KS046,cortexlab
224,df350b09-a420-42bb-9952-17862cbb9f1c,dfbe628d-365b-461c-a07f-8b9911ba83aa,probe01,1,2020-12-04,KS046,cortexlab
225,41ea689a-7e05-463b-915a-90e63b8c0572,aa3432cd-62bd-40bc-bc1c-a12d53bcbdcf,probe00,1,2020-12-05,KS046,cortexlab
226,cc9d666c-6fe5-418d-9b37-114428d25454,aa3432cd-62bd-40bc-bc1c-a12d53bcbdcf,probe01,1,2020-12-05,KS046,cortexlab
227,16799c7a-e395-435d-a4c4-a678007e1550,0a018f12-ee06-4b11-97aa-bbbff5448e9f,probe00,1,2021-05-11,KS051,cortexlab
228,a8adabd7-7979-4fcf-99e7-d9bd9d27896f,4503697e-af44-47d9-898d-4924be990240,probe01,1,2021-05-12,KS051,cortexlab
229,082187a0-121f-47d5-962a-a9ad467e7124,7082d8ff-255a-47d7-a839-bf093483ec30,probe00,1,2021-05-13,KS051,cortexlab
230,2122d807-13ab-494e-a1cc-e55cf24d3e9f,7082d8ff-255a-47d7-a839-bf093483ec30,probe01,1,2021-05-13,KS051,cortexlab
231,1df6ebb3-9d16-4c0f-96cc-e1b1596d2006,ac7d3064-7f09-48a3-88d2-e86a4eb86461,probe00,1,2021-05-13,KS052,cortexlab
232,2c401cbd-b95c-4ebe-8a83-92b55ab49542,ac7d3064-7f09-48a3-88d2-e86a4eb86461,probe01,1,2021-05-13,KS052,cortexlab
233,8abf098f-d4f6-4957-9c0a-f53685db74cc,b22f694e-4a34-4142-ab9d-2556c3487086,probe00,1,2021-05-02,KS055,cortexlab
234,8b735d77-b77b-4243-8821-37802bf402fe,b22f694e-4a34-4142-ab9d-2556c3487086,probe01,1,2021-05-02,KS055,cortexlab
235,0a0184b3-9e1a-4c36-98f4-00ae3beb8f01,872ce8ff-9fb3-485c-be00-bc5479e0095b,probe00,1,2021-05-03,KS055,cortexlab
236,625a7bc9-00cf-44f6-a508-3ed89d23ba3a,872ce8ff-9fb3-485c-be00-bc5479e0095b,probe01,1,2021-05-03,KS055,cortexlab
237,bbe6ebc1-d32f-42dd-a89c-211226737deb,1b715600-0cbc-442c-bd00-5b0ac2865de1,probe01,1,2022-01-31,KS084,cortexlab
238,f639f4f3-ac14-4114-b712-f445463597e4,1b715600-0cbc-442c-bd00-5b0ac2865de1,probe00,1,2022-01-31,KS084,cortexlab
239,507b20cf-4ab0-4f55-9a81-88b02839d127,e45481fa-be22-4365-972c-e7404ed8ab5a,probe00,1,2022-03-15,KS086,cortexlab
240,f2a098e7-a67e-4125-92d8-36fc6b606c45,e45481fa-be22-4365-972c-e7404ed8ab5a,probe01,1,2022-03-15,KS086,cortexlab
241,4279e354-a6b8-4eff-8245-7c8723b07834,ffef0311-8ffa-49e3-a857-b3adf6d86e12,probe00,1,2022-03-16,KS086,cortexlab
242,19c5b0d5-a255-47ff-9f8d-639e634a7b61,78b4fff5-c5ec-44d9-b5f9-d59493063f00,probe01,1,2022-07-04,KS091,cortexlab
243,1ca6cd06-1ed5-45af-b73a-017d5e7cff48,78b4fff5-c5ec-44d9-b5f9-d59493063f00,probe00,1,2022-07-04,KS091,cortexlab
244,0259543e-1ca3-48e7-95c9-53f9e4c9bfcc,196a2adf-ff83-49b2-823a-33f990049c2e,probe00,1,2022-07-05,KS091,cortexlab
245,e92f8734-2c06-4168-9271-d00b3bf57c02,196a2adf-ff83-49b2-823a-33f990049c2e,probe01,1,2022-07-05,KS091,cortexlab
246,3282a590-8688-44fc-9811-cdf8b80d9a80,6b0b5d24-bcda-4053-a59c-beaa1fe03b8f,probe00,1,2022-06-15,KS094,cortexlab
247,ff5fceaf-8247-42ab-a187-f7876441899d,6b0b5d24-bcda-4053-a59c-beaa1fe03b8f,probe01,1,2022-06-15,KS094,cortexlab
248,100433fa-2c59-4432-8295-aa27657fe3fb,752456f3-9f47-4fbf-bd44-9d131c0f41aa,probe00,1,2022-06-16,KS094,cortexlab
249,d591a59c-b49b-46ba-a914-df379ada9813,752456f3-9f47-4fbf-bd44-9d131c0f41aa,probe01,1,2022-06-16,KS094,cortexlab
250,6b6af675-e1ef-43a6-b408-95cfc71fe2cc,3f859b5c-e73a-4044-b49e-34bb81e96715,probe01,1,2022-06-17,KS094,cortexlab
251,b2ea68e2-c732-4d17-8166-1a8595fff225,3f859b5c-e73a-4044-b49e-34bb81e96715,probe00,1,2022-06-17,KS094,cortexlab
252,49a86b2e-3db4-42f2-8da8-7ebb7e482c70,c8d46ee6-eb68-4535-8756-7c9aa32f10e4,probe00,1,2022-06-20,KS094,cortexlab
253,1c4e2ebd-59da-4527-9700-b4b2dad6dfb2,1b9e349e-93f2-41cc-a4b5-b212d7ddc8df,probe00,1,2022-06-15,KS096,cortexlab
254,3c283107-7012-48fc-a6c2-ed096b23974f,1b9e349e-93f2-41cc-a4b5-b212d7ddc8df,probe01,1,2022-06-15,KS096,cortexlab
255,4ea45238-55b1-4d54-ba92-efa47feb9f57,f819d499-8bf7-4da0-a431-15377a8319d5,probe00,1,2022-06-16,KS096,cortexlab
256,d4291925-ad00-47fe-baaf-3fdff0991e86,f819d499-8bf7-4da0-a431-15377a8319d5,probe01,1,2022-06-16,KS096,cortexlab
257,ad714133-1e03-4d3a-8427-33fc483daf1a,8928f98a-b411-497e-aa4b-aa752434686d,probe01,1,2022-06-17,KS096,cortexlab
258,d7ec0892-0a6c-4f4f-9d8f-72083692af5c,8928f98a-b411-497e-aa4b-aa752434686d,probe00,1,2022-06-17,KS096,cortexlab
259,be9a2119-a4d7-4e62-82a1-b1a6623ecc99,446f4724-1690-49f9-819a-2bd8e2ea88ce,probe00,1,2022-06-20,KS096,cortexlab
260,f336f6a4-f693-4b88-b12c-c5cf0785b061,a2701b93-d8e1-47e9-a819-f1063046f3e7,probe00,1,2022-06-21,KS096,cortexlab
261,44fc463b-405f-4048-9242-ac018b9f50f7,0f25376f-2b78-4ddc-8c39-b6cdbe7bf5b9,probe00,1,2020-03-03,DY_008,danlab
262,818d2996-766a-4fd9-82b8-7e4cb080af0e,ee13c19e-2790-4418-97ca-48f02e8013bb,probe00,1,2020-03-04,DY_008,danlab
263,febb430e-2d50-4f83-87a0-b5ffbb9a4943,db4df448-e449-4a6f-a0e7-288711e7a75a,probe00,1,2020-02-27,DY_009,danlab
264,1a166c4f-4c53-422e-8473-b3cff85e6750,3dd347df-f14e-40d5-9ff2-9c49f84d2157,probe00,1,2020-02-29,DY_009,danlab
265,c16b8e98-100f-40ce-b417-b1524c7e1270,3c851386-e92d-4533-8d55-89a46f0e7384,probe00,1,2020-03-02,DY_009,danlab
266,b76f24ea-95b1-4a0e-95eb-9c39b1283c40,158d5d35-a2ab-4a76-87b0-51048c5d5283,probe00,1,2020-03-03,DY_009,danlab
267,07abb39b-063b-4ef8-b3ab-963c6a1b5cc5,30e5937e-e86a-47e6-93ae-d2ae3877ff8e,probe00,1,2020-03-04,DY_009,danlab
268,b9b101cf-24d3-4c2a-8464-bc91b9f0c767,413a6825-2144-4a50-b3fc-cf38ddd6fd1a,probe00,1,2020-03-05,DY_009,danlab
269,c6ba6f8e-c13e-410f-b7df-e193ba0d239d,a19c7a3a-7261-42ce-95d5-1f4ca46007ed,probe00,1,2020-03-06,DY_009,danlab
270,9373cd09-a591-42be-9343-ed6f06b7056d,e5c772cd-9c92-47ab-9525-d618b66a9b5d,probe00,1,2020-03-07,DY_009,danlab
271,63679ae2-6c87-495b-b888-a7273e545636,6668c4a0-70a4-4012-a7da-709660971d7a,probe00,1,2020-03-09,DY_009,danlab
272,c2363000-27a6-461e-940b-15f681496ed8,4fa70097-8101-4f10-b585-db39429c5ed0,probe00,1,2020-01-21,DY_010,danlab
273,b40d8c65-7ee8-4069-8b64-1a3f7907742f,90d1e82c-c96f-496c-ad4e-ee3f02067f25,probe00,1,2020-01-23,DY_010,danlab
274,ccb501d1-a4fa-41c6-819e-54aaf74d439d,bb6a5aae-2431-401d-8f6a-9fdd6de655a9,probe00,1,2020-01-24,DY_010,danlab
275,eb99c2c8-e614-4240-931b-169bed23e9f5,931a70ae-90ee-448e-bedb-9d41f3eda647,probe00,1,2020-01-28,DY_010,danlab
276,2aea57ac-d3d0-4a09-b6fa-0aa9d58d1e11,02fbb6da-3034-47d6-a61b-7d06c796a830,probe00,1,2020-01-29,DY_010,danlab
277,26118c10-35dd-4ab1-9f0f-b9a89a1da070,7bee9f09-a238-42cf-b499-f51f765c6ded,probe00,1,2020-01-31,DY_011,danlab
278,898f8971-31e9-4fdb-b66e-2ae6d3a33a5b,36280321-555b-446d-9b7d-c2e17991e090,probe00,1,2020-02-01,DY_011,danlab
279,b7612153-372f-415a-9770-7101fbbbdc59,741979ce-3f10-443a-8526-2275620c8473,probe00,1,2020-02-07,DY_011,danlab
280,0e8d3cb3-2e4c-47a0-8bb4-65d2cc3161c6,cf43dbb1-6992-40ec-a5f9-e8e838d0f643,probe00,1,2020-02-08,DY_011,danlab
281,0925fb1b-cf83-4f55-bfb7-aa52f993a404,2f63c555-eb74-4d8d-ada5-5c3ecf3b46be,probe00,1,2020-03-06,DY_013,danlab
282,9f78a787-c6d5-4e51-b4fb-1552e81eccd5,9a629642-3a9c-42ed-b70a-532db0e86199,probe00,1,2020-03-07,DY_013,danlab
283,5c278ffe-6452-4c36-b17f-2050c74e13b1,e535fb62-e245-4a48-b119-88ce62a6fe67,probe01,1,2020-03-12,DY_013,danlab
284,c4f6665f-8be5-476b-a6e8-d81eeae9279d,e535fb62-e245-4a48-b119-88ce62a6fe67,probe00,1,2020-03-12,DY_013,danlab
285,57acb640-4f64-4a89-bedf-69351a3aea75,f25642c6-27a5-4a97-9ea0-06652db79fbd,probe01,1,2020-07-13,DY_014,danlab
286,bebe7c8f-0f34-4c3a-8fbb-d2a5119d2961,f25642c6-27a5-4a97-9ea0-06652db79fbd,probe00,1,2020-07-13,DY_014,danlab
287,4755877d-fd14-42b3-bc15-e1996d153015,4720c98a-a305-4fba-affb-bbfa00a724a4,probe01,1,2020-07-14,DY_014,danlab
288,695476f6-4c14-4a2f-b658-948514629079,4720c98a-a305-4fba-affb-bbfa00a724a4,probe00,1,2020-07-14,DY_014,danlab
289,4f46198d-c54d-4627-9e4e-3c8fd4c3c070,7622da34-51b6-4661-98ae-a57d40806008,probe01,1,2020-07-15,DY_014,danlab
290,af775340-53d0-43cd-9cda-48e32b95adca,7622da34-51b6-4661-98ae-a57d40806008,probe00,1,2020-07-15,DY_014,danlab
291,b910cbe2-0c68-40b2-b9f1-268e7c28320a,b658bc7d-07cd-4203-8a25-7b16b549851b,probe01,1,2020-07-16,DY_014,danlab
292,ecde7e20-f135-47dd-8f96-adac49e4942e,b658bc7d-07cd-4203-8a25-7b16b549851b,probe00,1,2020-07-16,DY_014,danlab
293,091392a5-73f6-40f3-8552-fa917cf96deb,bd456d8f-d36e-434a-8051-ff3997253802,probe01,1,2020-07-17,DY_014,danlab
294,d258bca2-bf18-4491-8d57-5322f705caec,bd456d8f-d36e-434a-8051-ff3997253802,probe00,1,2020-07-17,DY_014,danlab
295,1ef94d02-d51a-491f-a313-1bb5238d6b8b,ee8b36de-779f-4dea-901f-e0141c95722b,probe01,1,2020-07-18,DY_014,danlab
296,b375a0ee-4c5a-4a53-9cea-d753f206e5c5,ee8b36de-779f-4dea-901f-e0141c95722b,probe00,1,2020-07-18,DY_014,danlab
297,954b1983-e603-4611-ba15-dc2db6f988ab,b39752db-abdb-47ab-ae78-e8608bbf50ed,probe00,1,2020-07-19,DY_014,danlab
298,d1af1003-247b-4f76-988f-d55cbb72aa80,b39752db-abdb-47ab-ae78-e8608bbf50ed,probe01,1,2020-07-19,DY_014,danlab
299,03c42ea1-1e04-4a3e-9b04-46d8568dcd02,5339812f-8b91-40ba-9d8f-a559563cc46b,probe01,1,2020-09-11,DY_016,danlab
300,95fd67e6-cbff-4356-80c7-5a03b1bf6b8a,5339812f-8b91-40ba-9d8f-a559563cc46b,probe00,1,2020-09-11,DY_016,danlab
301,ce99545f-c6a5-4d53-8b68-0ceb78bd942e,d23a44ef-1402-4ed7-97f5-47e9a7a504d9,probe01,1,2020-09-12,DY_016,danlab
302,dab512bd-a02d-4c1f-8dbc-9155a163efc0,d23a44ef-1402-4ed7-97f5-47e9a7a504d9,probe00,1,2020-09-12,DY_016,danlab
303,cab81176-36cd-4c37-9353-841e85027d36,c3d9b6fb-7fa9-4413-a364-92a54df0fc5d,probe00,1,2020-09-13,DY_016,danlab
304,d06f4b61-42c1-4a8d-a2a5-c1cf8f7d0e47,c3d9b6fb-7fa9-4413-a364-92a54df0fc5d,probe01,1,2020-09-13,DY_016,danlab
305,19c9caea-2df8-4097-92f8-0a2bad055948,aa20388b-9ea3-4506-92f1-3c2be84b85db,probe01,1,2020-09-14,DY_016,danlab
306,c2184312-2421-492b-bbee-e8c8e982e49e,aa20388b-9ea3-4506-92f1-3c2be84b85db,probe00,1,2020-09-14,DY_016,danlab
307,11f70c37-a546-439a-9fb7-da6b6ebfb0cb,251ece37-7798-477c-8a06-2845d4aa270c,probe01,1,2020-09-15,DY_016,danlab
308,bdb2ec51-d948-4428-b2cc-2c6cd5bf5fe3,251ece37-7798-477c-8a06-2845d4aa270c,probe00,1,2020-09-15,DY_016,danlab
309,94fcff55-2da2-4366-a2c7-2f58c05b54dc,54238fd6-d2d0-4408-b1a9-d19d24fd29ce,probe01,1,2020-10-15,DY_018,danlab
310,f26a6ab1-7e37-4f8d-bb50-295c056e1062,54238fd6-d2d0-4408-b1a9-d19d24fd29ce,probe00,1,2020-10-15,DY_018,danlab
311,a6fe3779-2b77-4b66-a625-a6078720e412,e8b4fda3-7fe4-4706-8ec2-91036cfee6bd,probe00,1,2020-10-17,DY_018,danlab
312,fb0de39b-c750-4adc-af18-12bf8a22ed41,e8b4fda3-7fe4-4706-8ec2-91036cfee6bd,probe01,1,2020-10-17,DY_018,danlab
313,19e0bf1e-018e-40cb-9acd-af8f0f66bd4a,cde63527-7f5a-4cc3-8ac2-215d82e7da26,probe00,1,2020-10-20,DY_018,danlab
314,ecd07b7e-6450-4e31-bef1-f195129eb3d3,cde63527-7f5a-4cc3-8ac2-215d82e7da26,probe01,1,2020-10-20,DY_018,danlab
315,63517fd4-ece1-49eb-9259-371dc30b1dd6,4a45c8ba-db6f-4f11-9403-56e06a33dfa4,probe00,1,2020-09-29,DY_020,danlab
316,ca5404f7-297c-40f1-bbf0-5ac0a63e24f8,4a45c8ba-db6f-4f11-9403-56e06a33dfa4,probe01,1,2020-09-29,DY_020,danlab
317,1ff5ce1f-5500-444b-ad5f-70f90dd22ac3,f7335a49-4a98-46d2-a8ce-d041d2eac1d6,probe00,1,2020-09-30,DY_020,danlab
318,6d24683c-da42-4610-baf0-7ceee7014394,f7335a49-4a98-46d2-a8ce-d041d2eac1d6,probe01,1,2020-09-30,DY_020,danlab
319,6aa08c75-8ee5-457d-9794-b89ee1c4453f,9eec761e-9762-4897-b308-a3a08c311e69,probe00,1,2020-10-01,DY_020,danlab
320,c250d4f4-7516-4cf1-a8bd-04873ca9e21c,9eec761e-9762-4897-b308-a3a08c311e69,probe01,1,2020-10-01,DY_020,danlab
321,a3ebc7f4-813a-4f06-a33e-9825c878f9c2,9fe512b8-92a8-4642-83b6-01158ab66c3c,probe01,1,2020-10-02,DY_020,danlab
322,a4d9d9d5-6ea3-4234-aa28-e064e83626fa,9fe512b8-92a8-4642-83b6-01158ab66c3c,probe00,1,2020-10-02,DY_020,danlab
323,25a9182c-4795-4768-af47-98975d2d2a8a,26aa51ff-968c-42e4-85c8-8ff47d19254d,probe01,1,2020-10-03,DY_020,danlab
324,ba291bec-4492-4d7f-a6aa-483ebb64b3c3,26aa51ff-968c-42e4-85c8-8ff47d19254d,probe00,1,2020-10-03,DY_020,danlab
325,2400a2fa-0335-480b-ac8d-a478171f3a55,e012d3e3-fdbc-4661-9ffa-5fa284e4e706,probe00,1,2020-10-04,DY_020,danlab
326,cde137a5-7a93-4968-ab61-5aedbd9ce3fb,e012d3e3-fdbc-4661-9ffa-5fa284e4e706,probe01,1,2020-10-04,DY_020,danlab
327,41dc1107-fbcb-4174-a262-19928c355018,948fd27b-507b-41b3-bdf8-f9f5f0af8e0b,probe01,1,2020-10-05,DY_020,danlab
328,b939cc85-6028-404a-995d-28c8405a07db,948fd27b-507b-41b3-bdf8-f9f5f0af8e0b,probe00,1,2020-10-05,DY_020,danlab
329,779fbed1-4b0e-4d7d-8882-6650690221a0,2e22c1fc-eec6-4856-85a0-7dba8668f646,probe01,1,2020-10-06,DY_020,danlab
330,bfda40f8-a7a7-47cd-a439-39fb5cd7873f,2e22c1fc-eec6-4856-85a0-7dba8668f646,probe00,1,2020-10-06,DY_020,danlab
331,6292dc98-e2f1-45de-b045-56d98fdaca75,64977c74-9c04-437a-9ea1-50386c4996db,probe00,1,2022-02-20,PL015,hausserlab
332,e5bc1f00-f4b8-4b35-a9b6-60d9cc7959a1,9a6e127b-bb07-4be2-92e2-53dd858c2762,probe00,2,2022-02-21,PL015,hausserlab
333,9e069684-a4be-4b70-b9e6-446309f977d4,09156021-9a1d-4e1d-ae59-48cbde3c5d42,probe00,1,2022-02-22,PL015,hausserlab
334,c736dc60-0726-410d-8419-cb6ea025d5b1,90e524a2-aa63-47ce-b5b8-1b1941a1223a,probe00,1,2022-02-23,PL015,hausserlab
335,09b62a15-dd8b-4f47-881f-d3f1e5ea5ff4,1d4a7bd6-296a-48b9-b20e-bd0ac80750a5,probe00,1,2022-07-21,PL015,hausserlab
336,46cd9c0a-39de-4aeb-90a6-86a2fda0b1a4,58c4bf97-ec3b-45b4-9db4-d5d9515d5b00,probe00,1,2022-01-17,PL016,hausserlab
337,594664af-9033-4651-861d-2be9277c9866,10fac7a1-919d-4ca7-83c4-4675bd8d9416,probe00,1,2021-11-07,PL017,hausserlab
338,81f0087b-2bd1-4e48-8e86-e8206aee3d9d,8b1f4024-3d96-4ee7-95f9-8a1dfd4ce4ef,probe00,1,2021-11-09,PL017,hausserlab
339,a6bcfe32-69ce-414f-80bc-495d1b4906af,68775ca0-b056-48d5-b6ae-a4c2a76ae48f,probe00,1,2021-11-14,PL017,hausserlab
340,e8901184-9f60-4309-bee5-c3c95030550a,f27e6cd6-cdd3-4524-b8e3-8146046e2a7d,probe00,1,2021-11-15,PL017,hausserlab
341,a44bd77c-de9c-49cc-85e5-354aa9f1eb98,d71e565d-4ddb-42df-849e-f99cfdeced52,probe00,1,2021-11-16,PL017,hausserlab
342,c3ef78d5-7c75-48a4-96b7-f8ecc91c2eca,d71e565d-4ddb-42df-849e-f99cfdeced52,probe01,1,2021-11-16,PL017,hausserlab
343,2cbb5bc7-edbd-431e-a931-21e466d20dec,1b61b7f2-a599-4e40-abd6-3e758d2c9e25,probe00,1,2021-11-30,PL017,hausserlab
344,3c9c3757-32dd-40cf-83ec-5e21731ce9c5,cea755db-4eee-4138-bdd6-fc23a572f5a1,probe00,1,2021-12-01,PL017,hausserlab
345,1878c999-d523-474a-9d4e-8dde53d7324c,30af8629-7b96-45b7-8778-374720ddbc5e,probe00,1,2021-12-04,PL024,hausserlab
346,80c7f589-733c-4f23-abf3-ade8c79f0a3b,283ecb4c-e529-409c-9f0a-8ea5191dcf50,probe00,1,2022-09-12,PL030,hausserlab
347,234c9e15-79a4-4e8a-8263-8b06cfbcbe7d,6bf810fd-fbeb-4eea-9ea7-b6791d002b22,probe00,1,2022-09-14,PL030,hausserlab
348,6104a953-589c-4661-bed9-a81ccef7d0be,bd07e3a7-09c3-4b67-996b-42b6d5cedf1c,probe00,1,2022-09-15,PL030,hausserlab
349,a21bade7-5be7-4a17-a9b9-ddee453e6260,c16d3557-b2c1-4545-93d0-112ac0915d93,probe00,1,2022-09-16,PL030,hausserlab
350,1a924329-65aa-465d-b201-c2dd898aebd0,2038e95d-64d4-4ecb-83d0-1308d3c598f8,probe00,1,2022-10-06,PL030,hausserlab
351,5eebb5d6-cf9b-49a0-b297-0701c4d90173,500a71dd-8768-4211-a1fe-1fafc9fcbf29,probe00,1,2022-10-08,PL030,hausserlab
352,6981808a-357c-4ffd-9989-33160ba9e256,61caa69d-088b-465a-b9d0-d75341dabac6,probe00,1,2022-10-13,PL030,hausserlab
353,5bfcf68f-4e0b-46f8-a9e3-8e919d5ddd1c,233617ec-c5cf-4eda-afc8-3b1d94f36d73,probe00,2,2022-10-17,PL030,hausserlab
354,379105fd-dbb1-40d9-8a51-ae5a8ef8df04,ef38e503-dd79-4185-bf87-4712d4f274fe,probe00,1,2022-11-15,PL031,hausserlab
355,fd6d686b-eae1-44cb-adbb-159c69c85827,fbd28ea6-3251-48e0-b215-2c51ec5185f7,probe00,1,2022-11-16,PL031,hausserlab
356,9866c08f-acce-4291-b94d-d9835e62f835,9fcbd1a0-77e6-4c41-9428-eeaee74becd5,probe00,1,2022-11-17,PL031,hausserlab
357,32e30a72-5f18-4aff-81c3-4553531b2d75,c23b4118-db40-4333-af1d-933154b533c6,probe00,1,2022-11-19,PL031,hausserlab
358,623bb859-eb7c-4739-ba18-28ecad1d9fbb,c8e11fd8-d130-4f06-abba-9aa20240ce7c,probe00,1,2022-12-07,PL031,hausserlab
359,edc82c06-83fd-44be-a41e-52fdeea728b4,62902992-8432-46fb-af12-6392012e58c7,probe00,2,2022-10-04,PL033,hausserlab
360,a464fc97-1391-4bbe-9aef-73a79975d27f,4546cd60-fa2a-4d20-a9b6-d091e01d16f2,probe00,1,2022-10-05,PL033,hausserlab
361,c1014051-d06b-4f85-9887-e7c42a94baf2,cef05f87-161b-4031-932c-6f47daf89698,probe00,1,2022-10-06,PL033,hausserlab
362,f2803f8c-a37b-42dd-9f20-84bdc90b21e2,75db708a-9952-4452-a5b1-a851d88f8e28,probe00,1,2022-10-07,PL033,hausserlab
363,0ffa052a-fe3f-46c2-999d-43bd56b7826e,7f150b7c-c261-46e6-9edb-cc391c9d9f03,probe00,1,2022-10-10,PL033,hausserlab
364,d3deaed9-34b7-41da-bd62-961750cb9ca0,837b4e6a-ccfd-49b0-a1dd-3aa53fbf2ecb,probe00,1,2022-10-11,PL033,hausserlab
365,b8f3a7c3-b700-446b-8d29-69691c0e3b1d,9fc31d79-b56f-46d0-92a0-e9563caf4a7a,probe00,1,2022-10-12,PL033,hausserlab
366,22f26d69-0b30-450e-9618-ee801b720e0a,a34b4013-414b-42ed-9318-e93fbbc71e7b,probe00,1,2022-10-25,PL033,hausserlab
367,a6b71993-165b-4c43-845c-c062fe7d7a11,49250fba-801c-4867-a0a7-a1e19538cb61,probe00,1,2022-10-26,PL033,hausserlab
368,c44adf4f-3d1c-491f-88e4-c516cc910bd8,2ab7d2c2-bcb7-4ae6-9626-f3786c22d970,probe00,1,2022-10-28,PL033,hausserlab
369,ec2fbc3e-cb2b-48cb-a521-3a6ca15e244c,94dabed1-741c-4ddd-a6b7-70561e27b750,probe00,2,2022-10-29,PL033,hausserlab
370,77121d92-6dde-4243-ab54-0a99efa22e99,be164a14-6e73-42c3-ab60-d29c48693c0f,probe00,1,2022-11-02,PL033,hausserlab
371,8b31b4bd-003e-4816-a3bf-2df4cc3558f8,37ac03f1-9831-4a30-90fc-a59e635b98bd,probe00,1,2022-11-03,PL033,hausserlab
372,4f922a5b-5014-455d-8cd5-7caed78af615,87ad026d-5b95-4022-8d59-c260870d830f,probe00,1,2022-10-18,PL034,hausserlab
373,81950362-ed95-4662-997f-e119bbd594d1,3bb54985-77b2-421d-9d1f-46185be51216,probe00,1,2022-10-19,PL034,hausserlab
374,0a85a28b-e9e3-44ec-ad4d-88ba9116ff63,6cbeead9-bb7a-40e1-8ccd-47ae60239654,probe00,1,2022-10-20,PL034,hausserlab
375,d552cffa-b662-40bd-b1e3-98d0a8face2c,a2b9fbbe-79fc-4166-a16e-b307813a2f06,probe00,1,2023-04-12,PL035,hausserlab
376,b9faf068-fd1c-4568-8a1a-f503eed6f726,5437ec1f-6535-470c-80b8-4c8806ee085d,probe00,1,2023-04-13,PL035,hausserlab
377,f72e60c3-3593-466a-afaf-91145c44fb2b,36573e0b-ddd6-4504-94ec-9a23c877486c,probe00,1,2023-04-14,PL035,hausserlab
378,a44a9942-0667-4d49-9047-40d2256c9854,04749a70-ac63-477d-8392-d4d529184fab,probe00,1,2023-04-15,PL035,hausserlab
379,d70f3604-b3cc-41b0-967a-f6619b2586a7,d23b005f-46f5-4fe1-870c-f55f6eb9533d,probe00,1,2023-04-06,PL037,hausserlab
380,a450558e-195f-44ff-979b-6b6420c9621b,7235b10c-6621-44ea-abe9-01559633472d,probe00,1,2023-04-07,PL037,hausserlab
381,e033ef96-3590-4e52-bb01-6c6d75bab083,fd03d365-91df-41e2-ad81-9e0e4b9f5c7b,probe00,1,2023-04-09,PL037,hausserlab
382,31258665-fbe8-4599-9c5f-dbc0eeee9c51,62ff920c-2fdd-4feb-9d9f-0d66f2e595a1,probe00,1,2023-04-10,PL037,hausserlab
383,0a45a464-a909-4b7c-a3e0-cd6cfb4262e4,14127fdb-2e66-4823-b124-f49c128ba94d,probe00,1,2023-04-13,PL037,hausserlab
384,88e148d2-d554-42c2-9c41-cc6369f98c45,7eeb8423-49e6-4d40-ab6f-703d17af231a,probe00,1,2023-04-14,PL037,hausserlab
385,e4ce2e94-6fb9-4afe-acbf-6f5a3498602e,6ab9d98c-b1e9-4574-b8fe-b9eec88097e0,probe00,1,2023-06-05,PL050,hausserlab
386,567b4da5-6ee6-4300-9f40-442930c2b1ca,37bbc17f-8dec-4fa8-97fd-e23a5c6bad1f,probe00,1,2023-06-06,PL050,hausserlab
387,c5b9e063-f640-4936-b851-f7602cb6659b,0cf6d255-8f2f-463e-84fb-c54bacb79f51,probe00,1,2023-06-07,PL050,hausserlab
388,e089d4d9-0a74-4ebc-951d-67098305e06b,c02e5155-8e8f-427e-873d-d61490bbb9c3,probe00,1,2023-06-08,PL050,hausserlab
389,0566938b-245d-4e5f-89ee-59d53a44f065,98e0074c-706a-40e5-bbb5-223f97585a99,probe01,1,2023-06-09,PL050,hausserlab
390,47403ac7-6635-4477-9477-18ff605ff5d4,98e0074c-706a-40e5-bbb5-223f97585a99,probe00,1,2023-06-09,PL050,hausserlab
391,7cb5128d-aaf5-4859-a236-527bff0f3c76,e6de6c35-1508-4471-b7c3-f12a5c7a6d39,probe00,1,2023-06-11,PL050,hausserlab
392,22609d51-0a6a-425d-a3ef-eeb43a9ba350,1dbba733-24a4-4400-9436-53f1bd8428e8,probe01,1,2023-06-12,PL050,hausserlab
393,ec1e2af7-c107-4a18-ab05-cefb9174d516,1dbba733-24a4-4400-9436-53f1bd8428e8,probe00,1,2023-06-12,PL050,hausserlab
394,b114e7e0-92b3-43bb-9529-53860e52606d,2584ce3c-db10-4076-89cb-5d313138dd38,probe00,1,2023-06-13,PL050,hausserlab
395,a91e4882-d3aa-4339-8b14-e94fa419f328,e6bdb1f4-b0bf-4451-8f23-4384f2102f91,probe00,1,2023-06-15,PL050,hausserlab
396,4f10fbb7-57be-427b-bb1d-a19bd31dc27b,66d98e6e-bcd9-4e78-8fbb-636f7e808b29,probe00,1,2020-07-13,SWC_042,hoferlab
397,b73ef9cf-462c-4de3-ae61-5907790ebd0e,f9860a11-24d3-452e-ab95-39e199f20a93,probe00,1,2020-07-17,SWC_042,hoferlab
398,df7d2ca7-068b-4df2-9782-8f6bb7d67f18,f9860a11-24d3-452e-ab95-39e199f20a93,probe01,1,2020-07-17,SWC_042,hoferlab
399,2a7caaa4-1710-49a1-ade4-db0a986ae6f5,f3ce3197-d534-4618-bf81-b687555d1883,probe01,1,2020-09-15,SWC_043,hoferlab
400,bef552f5-efd8-4e98-8467-d54ac7c4ef41,6f09ba7e-e3ce-44b0-932b-c003fb44fb89,probe00,2,2020-09-16,SWC_043,hoferlab
401,c17772a9-21b5-49df-ab31-3017addea12e,6f09ba7e-e3ce-44b0-932b-c003fb44fb89,probe01,2,2020-09-16,SWC_043,hoferlab
402,3530526e-e690-4222-878f-0f9f401fa759,695a6073-eae0-49e0-bb0f-e9e57a9275b9,probe00,1,2020-09-17,SWC_043,hoferlab
403,b1455ca8-3999-4eb8-9e1e-5c8d0d2e5719,695a6073-eae0-49e0-bb0f-e9e57a9275b9,probe01,1,2020-09-17,SWC_043,hoferlab
404,55423355-281c-41f2-8ef7-5aa098ffbbed,6fb1e12c-883b-46d1-a745-473cde3232c8,probe00,1,2020-09-18,SWC_043,hoferlab
405,3fd2d2b3-9415-4b6e-b392-40427fb1c388,88d24c31-52e4-49cc-9f32-6adbeb9eba87,probe00,1,2020-09-19,SWC_043,hoferlab
406,1e104bf4-7a24-4624-a5b2-c2c8289c0de7,c6db3304-c906-400c-aa0f-45dd3945b2ea,probe00,1,2020-09-20,SWC_043,hoferlab
407,6638cfb3-3831-4fc2-9327-194b76cf22e1,4ecb5d24-f5cc-402c-be28-9d0f7cb14b3a,probe01,1,2020-09-21,SWC_043,hoferlab
408,da8dfec1-d265-44e8-84ce-6ae9c109b8bd,4ecb5d24-f5cc-402c-be28-9d0f7cb14b3a,probe00,1,2020-09-21,SWC_043,hoferlab
409,6fc4d73c-2071-43ec-a756-c6c6d8322c8b,dac3a4c1-b666-4de0-87e8-8c514483cacf,probe01,1,2020-11-24,SWC_060,hoferlab
410,eb04cc7c-7c10-4e7f-8593-9c3b9b6986f5,dac3a4c1-b666-4de0-87e8-8c514483cacf,probe00,1,2020-11-24,SWC_060,hoferlab
411,b33e4298-a735-4781-8dea-d7203b4137fb,875c1e5c-f7ec-45ac-ab82-ecfe7276a707,probe00,1,2020-11-25,SWC_060,hoferlab
412,d151b391-e6e4-4daf-bd9c-191f4ad837b4,875c1e5c-f7ec-45ac-ab82-ecfe7276a707,probe01,1,2020-11-25,SWC_060,hoferlab
413,0f306cdc-878a-4ea0-9e91-b97736731637,81a1dca0-cc90-47c5-afe3-c277319c47c8,probe01,1,2020-11-26,SWC_060,hoferlab
414,8386f396-0a69-48b5-98d4-18801066ea76,81a1dca0-cc90-47c5-afe3-c277319c47c8,probe00,1,2020-11-26,SWC_060,hoferlab
415,31d8dfb1-71fd-4c53-9229-7cd48bee07e4,493170a6-fd94-4ee4-884f-cc018c17eeb9,probe01,1,2020-11-23,SWC_061,hoferlab
416,68f5f1e4-5e88-4aa5-8a1a-94b691adb11e,493170a6-fd94-4ee4-884f-cc018c17eeb9,probe00,1,2020-11-23,SWC_061,hoferlab
417,02328ef5-47d4-4690-b020-04b6315aa2d6,360eac0c-7d2d-4cc1-9dcf-79fc7afc56e7,probe00,1,2020-11-26,SWC_061,hoferlab
418,06c6741e-9f2a-4114-8ca9-0dc5ccc951e6,360eac0c-7d2d-4cc1-9dcf-79fc7afc56e7,probe01,1,2020-11-26,SWC_061,hoferlab
419,6efc58a4-e1cd-4eca-9205-7e4898cc1f8b,d7e60cc3-6020-429e-a654-636c6cc677ea,probe01,1,2020-11-30,SWC_061,hoferlab
420,8ee585ba-d055-4bb5-bc5f-2266a3d62bf4,d7e60cc3-6020-429e-a654-636c6cc677ea,probe00,1,2020-11-30,SWC_061,hoferlab
421,367ea4c4-d1b7-47a6-9f18-5d0df9a3f4de,f4ffb731-8349-4fe4-806e-0232a84e52dd,probe01,1,2022-04-27,SWC_066,hoferlab
422,9b3ad89a-177f-4242-9a96-2fd98721e47f,a4747ac8-6a75-444f-b99b-696fff0243fd,probe00,1,2022-04-28,SWC_066,hoferlab
423,63a32e5c-f63a-450d-85cb-140947b67eaf,c4432264-e1ae-446f-8a07-6280abade813,probe00,1,2020-12-01,ZFM-01576,mainenlab
424,dce4e63f-7ece-4dae-bd6e-5b116c2fbe37,c4432264-e1ae-446f-8a07-6280abade813,probe01,1,2020-12-01,ZFM-01576,mainenlab
425,6eb8be8d-d089-43c6-b2e4-a6558ca16dcf,9e9c6fc0-4769-4d83-9ea4-b59a1230510e,probe00,1,2020-12-03,ZFM-01576,mainenlab
426,784c5282-2749-48ca-b211-100d0b24e29b,09b2c4d1-058d-4c84-9fd4-97530f85baf6,probe01,1,2020-10-28,ZFM-01577,mainenlab
427,b78b3c42-eee5-47c6-9717-743b78c0b721,09b2c4d1-058d-4c84-9fd4-97530f85baf6,probe00,1,2020-10-28,ZFM-01577,mainenlab
428,61ed1a53-2f33-4a83-82ba-ec7dfa65bf60,5d6aa933-4b00-4e99-ae2d-5003657592e9,probe01,1,2020-10-29,ZFM-01577,mainenlab
429,6728ddac-63ba-4e63-9884-395c7c16c7a3,5d6aa933-4b00-4e99-ae2d-5003657592e9,probe00,1,2020-10-29,ZFM-01577,mainenlab
430,bbf6a51e-2999-4982-803f-8769db095dd2,63f3dbc1-1a5f-44e5-98dd-ce25cd2b7871,probe00,1,2020-10-30,ZFM-01577,mainenlab
431,39883ded-f5a2-4f4f-a98e-fb138eb8433e,746d1902-fa59-4cab-b0aa-013be36060d5,probe01,1,2020-10-20,ZFM-01592,mainenlab
432,e31b4e39-e350-47a9-aca4-72496d99ff2a,746d1902-fa59-4cab-b0aa-013be36060d5,probe00,1,2020-10-20,ZFM-01592,mainenlab
433,2d544e7f-c8af-46b5-aaa0-caf0ad4d63a1,5b609f9b-75cb-43d3-9c39-b5b4b7a0db67,probe00,1,2020-10-21,ZFM-01592,mainenlab
434,64f4afa4-ec5f-4ad6-ab28-415a9a8098ed,5b609f9b-75cb-43d3-9c39-b5b4b7a0db67,probe01,1,2020-10-21,ZFM-01592,mainenlab
435,64aadf54-d662-4934-8c08-cad14ee5b69f,56bc129c-6265-407a-a208-cc16d20a6c01,probe00,1,2020-10-23,ZFM-01592,mainenlab
436,7be00744-2e27-4062-8f56-3969e24e9990,1a507308-c63a-4e02-8f32-3239a07dc578,probe00,1,2021-02-03,ZFM-01935,mainenlab
437,834fca72-0b69-44e4-b77e-95a61290b50d,1a507308-c63a-4e02-8f32-3239a07dc578,probe01,1,2021-02-03,ZFM-01935,mainenlab
438,05ccc92c-fcb0-4e92-84d3-de033890c7a8,f5591ac5-311d-4fa8-9bad-029d7be9c491,probe00,1,2021-02-04,ZFM-01935,mainenlab
439,8ac7e5d5-57a4-41c8-a35d-8195784bfe95,ab8a0899-a59f-42e4-8807-95b14056104b,probe00,1,2021-02-05,ZFM-01935,mainenlab
440,be76cfe3-b2bb-4358-956b-0fad07215972,71e03be6-b497-4991-a121-9416dcc1a6e7,probe00,1,2021-02-06,ZFM-01935,mainenlab
441,36362f75-96d8-4ed4-a728-5e72284d0995,d0ea3148-948d-4817-94f8-dcaf2342bbbe,probe00,1,2021-01-19,ZFM-01936,mainenlab
442,fddceb2e-82ba-493d-baba-c5d8af65981f,4aa1d525-5c7d-4c50-a147-ec53a9014812,probe00,1,2021-01-20,ZFM-01936,mainenlab
443,c2ebf259-9777-4a8f-b1de-5302776961d2,9b5a1754-ac99-4d53-97d3-35c2f6638507,probe00,2,2021-01-22,ZFM-01936,mainenlab
444,688606f8-9733-46f2-8331-b2dd84c5d385,2c44a360-5a56-4971-8009-f469fb59de98,probe01,1,2021-01-23,ZFM-01936,mainenlab
445,eab03c6e-bf98-48d2-8a0c-1887f34dd554,2c44a360-5a56-4971-8009-f469fb59de98,probe00,1,2021-01-23,ZFM-01936,mainenlab
446,be95fb3b-d607-409a-968e-98a3e9bcb577,3f6e25ae-c007-4dc3-aa77-450fd5705046,probe00,1,2021-01-24,ZFM-01936,mainenlab
447,af2a0072-e17e-4368-b80b-1359bf6d4647,113c5b6c-940e-4b21-b462-789b4c2be0e5,probe00,1,2021-04-08,ZFM-01937,mainenlab
448,b8dbd3af-a589-41e4-878c-3372eaa1a8f6,0b7ee1b6-42db-46cd-a465-08f531366187,probe00,1,2021-04-09,ZFM-01937,mainenlab
449,0b8ea3ec-e75b-41a1-9442-64f5fbc11a5a,a4a74102-2af5-45dc-9e41-ef7f5aed88be,probe00,1,2021-06-01,ZFM-02368,mainenlab
450,a5f2ec22-0ff3-4249-bd2f-6247c3990e53,a4a74102-2af5-45dc-9e41-ef7f5aed88be,probe01,1,2021-06-01,ZFM-02368,mainenlab
451,5a4740a3-8e93-495d-b6cf-83dccba01d7a,72cb5550-43b4-4ef0-add5-e4adfdfb5e02,probe01,1,2021-05-19,ZFM-02369,mainenlab
452,f4bd76a6-66c9-41f3-9311-6962315f8fc8,72cb5550-43b4-4ef0-add5-e4adfdfb5e02,probe00,1,2021-05-19,ZFM-02369,mainenlab
453,664de6d9-bba2-424b-b76c-bb61900c015f,d0c91c3c-8cbb-4929-8657-31f18bffc294,probe00,1,2021-04-27,ZFM-02370,mainenlab
454,adcd791c-ead3-4572-a9cb-028bbee1d2e4,6f6d2c8e-28be-49f4-ae4d-06be2d3148c1,probe00,1,2021-04-28,ZFM-02370,mainenlab
455,523f8301-4f56-4faf-ab33-a9ff11331118,88224abb-5746-431f-9c17-17d7ef806e6a,probe00,2,2021-06-01,ZFM-02372,mainenlab
456,ae03524f-e493-4077-99b1-588244de9a98,88224abb-5746-431f-9c17-17d7ef806e6a,probe01,2,2021-06-01,ZFM-02372,mainenlab
457,e17db2b6-b778-4e2a-845c-c4d040b0c875,7cec9792-b8f9-4878-be7e-f08103dc0323,probe00,2,2021-06-02,ZFM-02372,mainenlab
458,3eb6e6e0-8a57-49d6-b7c9-f39d5834e682,0802ced5-33a3-405e-8336-b65ebc5cb07c,probe01,1,2021-06-23,ZFM-02373,mainenlab
459,7d999a68-0215-4e45-8e6c-879c6ca2b771,0802ced5-33a3-405e-8336-b65ebc5cb07c,probe00,1,2021-06-23,ZFM-02373,mainenlab
460,1f5d62cb-814f-4ab2-b6af-7557ea04d56a,239dd3c9-35f3-4462-95ee-91b822a22e6b,probe00,1,2022-07-26,ZFM-04308,mainenlab
461,e40193d5-8158-40a1-924b-5a01ed2565dc,239dd3c9-35f3-4462-95ee-91b822a22e6b,probe01,1,2022-07-26,ZFM-04308,mainenlab
462,9861fa24-d998-4ef5-9606-89002b8706fc,9dd72e52-5393-4c08-9eca-f7dace2e59f6,probe01,1,2022-07-27,ZFM-04308,mainenlab
463,5a34d971-1cb3-4f0e-8dfe-e51e2313a668,dd4da095-4a99-4bf3-9727-f735077dba66,probe01,1,2019-12-02,ZM_1897,mainenlab
464,8f2e16c4-893b-4f8f-bfb2-94fa452710ec,dd4da095-4a99-4bf3-9727-f735077dba66,probe00,1,2019-12-02,ZM_1897,mainenlab
465,071f02e7-752a-4094-af79-8dd764e9d85d,e5fae088-ed96-4d9b-82f9-dfd13c259d52,probe00,1,2019-12-06,ZM_1897,mainenlab
466,e8f9fba4-d151-4b00-bee7-447f0f3e752c,21e16736-fd59-44c7-b938-9b1333d25da8,probe00,7,2019-12-10,ZM_1898,mainenlab
467,31f0400a-71f5-436c-ada4-dce50627dc73,53738f95-bd08-4d9d-9133-483fdb19e8da,probe00,2,2019-12-11,ZM_1898,mainenlab
468,2ce1d485-ebce-41a2-a5ce-aa109d5a13a3,d33baf74-263c-4b37-a0d0-b79dcb80a764,probe00,1,2020-01-21,ZM_2240,mainenlab
469,ca073754-be17-43b7-a38a-0c1e5563ff32,d33baf74-263c-4b37-a0d0-b79dcb80a764,probe01,1,2020-01-21,ZM_2240,mainenlab
470,1bf5c05b-3654-4d5c-bac9-2b96edd12adf,259927fd-7563-4b03-bc5d-17b4d0fa7a55,probe00,1,2020-01-22,ZM_2240,mainenlab
471,1d237afc-ac2f-4bac-a163-a397fe09819f,259927fd-7563-4b03-bc5d-17b4d0fa7a55,probe01,1,2020-01-22,ZM_2240,mainenlab
472,38124fca-a0ac-4b58-8e8b-84a2357850e6,510b1a50-825d-44ce-86f6-9678f5396e02,probe00,1,2020-01-23,ZM_2240,mainenlab
473,7beb9419-113d-4e47-938c-68ab2657031e,193fe7a8-4eb5-4f3e-815a-0c45864ddd77,probe00,1,2020-01-24,ZM_2240,mainenlab
474,dc7e9403-19f7-409f-9240-05ee57cb7aea,ff4187b5-4176-4e39-8894-53a24b7cf36b,probe01,1,2020-01-27,ZM_2241,mainenlab
475,ebd18510-c263-4d5b-a736-a588862a6972,ff4187b5-4176-4e39-8894-53a24b7cf36b,probe00,1,2020-01-27,ZM_2241,mainenlab
476,5a2f99aa-d3f5-469d-882e-0a16ee869746,465c44bd-2e67-4112-977b-36e1ac7e3f8c,probe01,1,2020-01-28,ZM_2241,mainenlab
477,a6f9e4d5-5f20-4a98-9118-22187f4d230b,465c44bd-2e67-4112-977b-36e1ac7e3f8c,probe00,1,2020-01-28,ZM_2241,mainenlab
478,f4f45cff-c45c-413a-92ea-b6533e3e0019,e49d8ee7-24b9-416a-9d04-9be33b655f40,probe00,8,2020-01-29,ZM_2241,mainenlab
479,41b9162e-df67-4321-b2e6-02ff851816c5,ee40aece-cffd-4edb-a4b6-155f158c666a,probe01,1,2020-01-30,ZM_2241,mainenlab
480,f03b61b4-6b13-479d-940f-d1608eb275cc,ee40aece-cffd-4edb-a4b6-155f158c666a,probe00,1,2020-01-30,ZM_2241,mainenlab
481,8ab470cc-de5a-4d65-92bd-9a25fbe6d07d,f8d5c8b0-b931-4151-b86c-c471e2e80e5d,probe01,1,2020-01-31,ZM_2241,mainenlab
482,fe6507ed-7725-467a-9d46-1101c32df1ca,f8d5c8b0-b931-4151-b86c-c471e2e80e5d,probe00,1,2020-01-31,ZM_2241,mainenlab
483,55001cb4-e10f-4657-9760-1228b590a69c,cb2ad999-a6cb-42ff-bf71-1774c57e5308,probe01,2,2020-01-21,ZM_2245,mainenlab
484,8f4fd564-7e34-4113-a6e4-ae40faa64f7a,cb2ad999-a6cb-42ff-bf71-1774c57e5308,probe00,2,2020-01-21,ZM_2245,mainenlab
485,0b877123-0902-4432-b789-c4c6cc681df4,934dd7a4-fbdc-459c-8830-04fe9033bc28,probe00,1,2020-07-27,ZM_3003,mainenlab
486,af1e9dee-8c26-4b2b-ac43-358221048797,934dd7a4-fbdc-459c-8830-04fe9033bc28,probe01,1,2020-07-27,ZM_3003,mainenlab
487,7d1a2cb6-f482-4059-b596-53087caac8ec,fe1fd79f-b051-411f-a0a9-2530a02cc78d,probe00,1,2020-07-28,ZM_3003,mainenlab
488,bf99284f-dc34-4652-baf1-ffaa1cc7fb05,fe1fd79f-b051-411f-a0a9-2530a02cc78d,probe01,1,2020-07-28,ZM_3003,mainenlab
489,749cb2b7-e57e-4453-a794-f6230e4d0226,4d8c7767-981c-4347-8e5e-5d5fffe38534,probe01,1,2020-07-30,SWC_038,mrsicflogellab
490,ea084e63-c0cb-4e11-8440-302de8fc76ee,4d8c7767-981c-4347-8e5e-5d5fffe38534,probe00,1,2020-07-30,SWC_038,mrsicflogellab
491,2b3c3126-11f3-4a8e-aa44-2f965bf8ab9c,1e45d992-c356-40e1-9be1-a506d944896f,probe01,1,2020-07-31,SWC_038,mrsicflogellab
492,76de0e1a-30aa-4713-9fe5-25ad2dff653f,1e45d992-c356-40e1-9be1-a506d944896f,probe00,1,2020-07-31,SWC_038,mrsicflogellab
493,7bd5627e-b02e-47f1-b476-4bf8eaa726b3,03063955-2523-47bd-ae57-f7489dd40f15,probe01,1,2020-08-01,SWC_038,mrsicflogellab
494,9915765e-ff15-4371-b1aa-c2ef1db8a254,03063955-2523-47bd-ae57-f7489dd40f15,probe00,1,2020-08-01,SWC_038,mrsicflogellab
495,2201eb05-aebe-4bda-905e-b5cc1baf3840,768a371d-7e88-47f8-bf21-4a6a6570dd6e,probe01,1,2020-09-10,SWC_039,mrsicflogellab
496,39180bcb-13e5-46f9-89e1-8ea2cba22105,768a371d-7e88-47f8-bf21-4a6a6570dd6e,probe00,1,2020-09-10,SWC_039,mrsicflogellab
497,3ccb2d59-9e94-48e6-9e72-0b7b96bd3f9b,45ef6691-7b80-4a43-bd1a-85fc00851ae8,probe00,1,2020-10-17,SWC_052,mrsicflogellab
498,578ca001-8cf5-4d30-b58f-1d574eaf808a,45ef6691-7b80-4a43-bd1a-85fc00851ae8,probe01,1,2020-10-17,SWC_052,mrsicflogellab
499,cb1c4327-5f5e-4286-85ed-840c85e82792,fc14c0d6-51cf-48ba-b326-56ed5a9420c3,probe00,1,2020-10-18,SWC_052,mrsicflogellab
500,10f59add-706e-41d0-87ed-9a55eb138a66,7416f387-b302-4ca3-8daf-03b585a1b7ec,probe00,1,2020-10-19,SWC_052,mrsicflogellab
501,caf2170c-5463-46ce-8cd0-66f2e1e3376d,7416f387-b302-4ca3-8daf-03b585a1b7ec,probe01,1,2020-10-19,SWC_052,mrsicflogellab
502,68f06c5f-8566-4a4f-a4b1-ab8398724913,1928bf72-2002-46a6-8930-728420402e01,probe01,1,2020-10-20,SWC_052,mrsicflogellab
503,ee320f72-b613-4acd-b10d-3ceef332a949,1928bf72-2002-46a6-8930-728420402e01,probe00,1,2020-10-20,SWC_052,mrsicflogellab
504,0143d3fe-79c2-4922-8332-62c3e4e0ba85,22e04698-b974-4805-b241-3b547dbf37bf,probe00,2,2020-10-21,SWC_052,mrsicflogellab
505,f3988aec-b8c7-47d9-b1a0-5334eed7f92c,22e04698-b974-4805-b241-3b547dbf37bf,probe01,2,2020-10-21,SWC_052,mrsicflogellab
506,4b93a168-0f3b-4124-88fa-a57046ca70e1,7cb81727-2097-4b52-b480-c89867b5b34c,probe01,1,2020-10-22,SWC_052,mrsicflogellab
507,642a3373-6fee-4f2a-b8d6-38dd42ada763,7cb81727-2097-4b52-b480-c89867b5b34c,probe00,1,2020-10-22,SWC_052,mrsicflogellab
508,50ebb677-e4a3-4421-b74f-1997a9cd1ad1,f84045b0-ce09-4ace-9d11-5ea491620707,probe00,1,2020-10-23,SWC_052,mrsicflogellab
509,5d9a5895-0f28-416c-a6d6-3e781658ea57,f84045b0-ce09-4ace-9d11-5ea491620707,probe01,1,2020-10-23,SWC_052,mrsicflogellab
510,0685d767-80a2-49b6-a51a-0e9b1dd7a14d,239cdbb1-68e2-4eb0-91d8-ae5ae4001c7a,probe01,1,2020-11-10,SWC_053,mrsicflogellab
511,291fcd13-b629-49c0-baf8-57ed1351050e,239cdbb1-68e2-4eb0-91d8-ae5ae4001c7a,probe00,1,2020-11-10,SWC_053,mrsicflogellab
512,6a098711-5423-4072-8909-7cff0e2d4531,75b6b132-d998-4fba-8482-961418ac957d,probe00,1,2020-11-11,SWC_053,mrsicflogellab
513,88fe9ed9-9e3e-431a-8ecc-4cb2fe5bf448,75b6b132-d998-4fba-8482-961418ac957d,probe01,1,2020-11-11,SWC_053,mrsicflogellab
514,d403c464-9d91-4338-b64b-81c299356972,032452e9-1886-449d-9c13-0f192572e19f,probe00,1,2020-11-12,SWC_053,mrsicflogellab
515,ce24bbe9-ae70-4659-9e9c-564d1a865de8,56b57c38-2699-4091-90a8-aba35103155e,probe00,1,2020-10-05,SWC_054,mrsicflogellab
516,ce397420-3cd2-4a55-8fd1-5e28321981f4,56b57c38-2699-4091-90a8-aba35103155e,probe01,1,2020-10-05,SWC_054,mrsicflogellab
517,3a37fb5c-3e96-4a0e-ac63-2eeec6744588,91796ceb-e314-4859-9a1f-092f85cc846a,probe01,1,2020-10-06,SWC_054,mrsicflogellab
518,869bac48-ad1b-46b8-be00-cf6b26aea40e,6c6983ef-7383-4989-9183-32b1a300d17a,probe01,1,2020-10-07,SWC_054,mrsicflogellab
519,c0c3c95d-43c3-4e30-9ce7-0519d0473911,6c6983ef-7383-4989-9183-32b1a300d17a,probe00,1,2020-10-07,SWC_054,mrsicflogellab
520,099c0519-640b-4eb7-867c-998dc337579d,eebacd5a-7dcd-4ba6-9dff-ec2a4d2f19e0,probe01,1,2020-10-09,SWC_054,mrsicflogellab
521,df6012d0-d921-4d0a-af2a-2a91030d0f42,eebacd5a-7dcd-4ba6-9dff-ec2a4d2f19e0,probe00,1,2020-10-09,SWC_054,mrsicflogellab
522,04c9890f-2276-4c20-854f-305ff5c9b6cf,671c7ea7-6726-4fbe-adeb-f89c2c8e489b,probe00,1,2020-10-10,SWC_054,mrsicflogellab
523,3e7618b8-34ca-4e48-ba3a-0e0f88a43131,671c7ea7-6726-4fbe-adeb-f89c2c8e489b,probe01,1,2020-10-10,SWC_054,mrsicflogellab
524,7909c0aa-c074-4e19-aabf-b8167c682a5b,6bb5da8f-6858-4fdd-96d9-c34b3b841593,probe00,1,2020-10-11,SWC_054,mrsicflogellab
525,143dd7cf-6a47-47a1-906d-927ad7fe9117,3638d102-e8b6-4230-8742-e548cd87a949,probe01,1,2020-12-07,SWC_058,mrsicflogellab
526,72c095b0-c7ab-4e22-a4aa-4163102de553,f1db6257-85ef-4385-b415-2d078ec75df2,probe00,1,2020-12-08,SWC_058,mrsicflogellab
527,de5d704c-4a5b-4fb0-b4af-71614c510a8b,f1db6257-85ef-4385-b415-2d078ec75df2,probe01,1,2020-12-08,SWC_058,mrsicflogellab
528,0228bcfd-632e-49bd-acd4-c334cf9213e9,d3a2b25e-46d3-4f0b-ade6-4e32255f4c35,probe01,1,2020-12-09,SWC_058,mrsicflogellab
529,ffb1b072-2de7-44a4-8115-5799b9866382,d3a2b25e-46d3-4f0b-ade6-4e32255f4c35,probe00,1,2020-12-09,SWC_058,mrsicflogellab
530,25e75514-43e1-4c07-9fea-581bd203b55c,9545aa05-3945-4054-a5c3-a259f7209d61,probe00,1,2020-12-10,SWC_058,mrsicflogellab
531,58b271d5-f728-4de8-b2ae-51908931247c,9545aa05-3945-4054-a5c3-a259f7209d61,probe01,1,2020-12-10,SWC_058,mrsicflogellab
532,577e4741-4b15-4e91-b81b-61304a09bfb5,1425bd6f-c625-4f6a-b237-dc5bcfc42c87,probe01,1,2022-05-07,SWC_065,mrsicflogellab
533,810416d1-ce3c-4b2e-a827-6cdc65c8cd5c,e6043c7d-8f6e-4b66-8309-2ec0abac0f79,probe00,1,2022-03-22,NR_0017,steinmetzlab
534,485b50c8-71e1-4654-9a07-64395c15f5ed,9b528ad0-4599-4a55-9148-96cc1d93fb24,probe00,1,2022-04-29,NR_0019,steinmetzlab
535,33cde267-919e-4c4d-9105-814787499837,b887df2c-bb9c-44c9-a9c0-538da87b2cab,probe00,1,2022-05-01,NR_0019,steinmetzlab
536,59b7a543-8827-4157-a4f6-d5d0e50fdf39,b887df2c-bb9c-44c9-a9c0-538da87b2cab,probe01,1,2022-05-01,NR_0019,steinmetzlab
537,335d689e-4d98-4532-b01b-7f7da89863c4,63c70ae8-4dfb-418b-b21b-f0b1e5fba6c9,probe00,1,2022-05-03,NR_0019,steinmetzlab
538,83716e49-3026-41a3-b021-1a4b6362f433,63c70ae8-4dfb-418b-b21b-f0b1e5fba6c9,probe01,1,2022-05-03,NR_0019,steinmetzlab
539,0aafb6f1-6c10-4886-8f03-543988e02d9e,3e6a97d3-3991-49e2-b346-6948cb4580fb,probe00,1,2022-05-08,NR_0020,steinmetzlab
540,b976e816-bc24-42e3-adf4-2801f1a52657,3e6a97d3-3991-49e2-b346-6948cb4580fb,probe01,1,2022-05-08,NR_0020,steinmetzlab
541,dac5defe-62b8-4cc0-96cb-b9f923957c7f,eacc49a9-f3a1-49f1-b87f-0972f90ee837,probe00,1,2022-05-09,NR_0020,steinmetzlab
542,e9cf749b-85dc-4b59-834b-325cec608c48,eacc49a9-f3a1-49f1-b87f-0972f90ee837,probe01,1,2022-05-09,NR_0020,steinmetzlab
543,f84f36c9-88f8-4d80-ba34-7f7a2b254ece,5b49aca6-a6f4-4075-931a-617ad64c219c,probe01,1,2022-05-10,NR_0020,steinmetzlab
544,12c0f3a9-518e-4dac-9651-5d95c2b4730f,d901aff5-2250-467a-b4a1-0cb9729df9e2,probe01,1,2022-05-11,NR_0020,steinmetzlab
545,96c816ad-9a48-46a4-8a84-9a73cc153d69,d901aff5-2250-467a-b4a1-0cb9729df9e2,probe00,1,2022-05-11,NR_0020,steinmetzlab
546,07c79864-6fff-4e72-9fce-1c982e3457f9,27ef44c0-acb2-4220-b776-477d0d5abd35,probe00,1,2022-06-28,NR_0021,steinmetzlab
547,d23dec01-b35e-4950-9afa-72a1b3e74148,27ef44c0-acb2-4220-b776-477d0d5abd35,probe01,1,2022-06-28,NR_0021,steinmetzlab
548,9486a103-c53e-4a60-b202-4efcc6278d44,1ca83b26-30fc-4350-a616-c38b7d00d240,probe01,2,2022-06-30,NR_0021,steinmetzlab
549,f865ea6c-6288-4a77-9a94-ef740166e9c7,1ca83b26-30fc-4350-a616-c38b7d00d240,probe00,2,2022-06-30,NR_0021,steinmetzlab
550,799d899d-c398-4e81-abaf-1ef4b02d5475,e0928e11-2b86-4387-a203-80c77fab5d52,probe01,1,2022-07-08,NR_0021,steinmetzlab
551,fdeff6df-7216-4b83-ab64-241e9fd173da,e0928e11-2b86-4387-a203-80c77fab5d52,probe00,1,2022-07-08,NR_0021,steinmetzlab
552,cc701ed3-84b6-4b8e-8390-2e3f54414b19,3bcb81b4-d9ca-4fc9-a1cd-353a966239ca,probe01,1,2023-01-19,NR_0024,steinmetzlab
553,d004f105-9886-4b83-a59a-f9173131a383,3bcb81b4-d9ca-4fc9-a1cd-353a966239ca,probe00,1,2023-01-19,NR_0024,steinmetzlab
554,27109779-1b15-4d74-893f-08216d231307,7cc74598-9c1b-436b-84fa-0bf89f31adf6,probe00,1,2023-02-01,NR_0024,steinmetzlab
555,bf827e50-eed3-4984-908e-c48ffbeae7b5,7cc74598-9c1b-436b-84fa-0bf89f31adf6,probe01,1,2023-02-01,NR_0024,steinmetzlab
556,00c425fd-ec3e-4cd2-b8af-c0bc0c4bdd44,2d9bfc10-59fb-424a-b699-7c42f86c7871,probe00,1,2023-02-03,NR_0024,steinmetzlab
557,bef05a5c-68c3-4513-87c7-b3151c88da8e,f4eb56a4-8bf8-4bbc-a8f3-6e6535134bad,probe00,1,2023-02-07,NR_0024,steinmetzlab
558,e5bd461c-a713-4b3c-b165-a132a711e59d,f4eb56a4-8bf8-4bbc-a8f3-6e6535134bad,probe01,1,2023-02-07,NR_0024,steinmetzlab
559,3fded122-619c-4e65-aadd-d5420978d167,6c6b0d06-6039-4525-a74b-58cfaa1d3a60,probe00,1,2022-08-19,NR_0027,steinmetzlab
560,6bd246d2-b2c2-4a88-ac44-1a3e0facbaee,6c6b0d06-6039-4525-a74b-58cfaa1d3a60,probe01,1,2022-08-19,NR_0027,steinmetzlab
561,4d2e7e49-5b08-4914-afa6-fd311d957082,195443eb-08e9-4a18-a7e1-d105b2ce1429,probe00,1,2022-08-20,NR_0027,steinmetzlab
562,1ab86a7f-578b-4a46-9c9c-df3be97abcca,0f77ca5d-73c2-45bd-aa4c-4c5ed275dbde,probe00,1,2022-08-22,NR_0027,steinmetzlab
563,eb7e9f3f-b79d-4cdd-bc24-b13a4008c1b5,0f77ca5d-73c2-45bd-aa4c-4c5ed275dbde,probe01,1,2022-08-22,NR_0027,steinmetzlab
564,06cb2ee3-0fb8-4ace-acbe-19c716f3ca40,ae8787b1-4229-4d56-b0c2-566b61a25b77,probe00,1,2022-08-23,NR_0027,steinmetzlab
565,310c60b6-d68f-4018-a86a-3668ce296837,ae8787b1-4229-4d56-b0c2-566b61a25b77,probe01,1,2022-08-23,NR_0027,steinmetzlab
566,478de1ce-d7e7-4221-9365-2abdc6e88fb6,5c0c560e-9e1f-45e9-b66e-e4ee7855be84,probe00,1,2023-03-07,NR_0028,steinmetzlab
567,d5e5311c-8beb-4f8f-b798-3e9bfa6bcdd8,5c0c560e-9e1f-45e9-b66e-e4ee7855be84,probe01,1,2023-03-07,NR_0028,steinmetzlab
568,697d9e03-edc6-430a-ae76-94628c510161,28338153-4113-485b-835b-91cb96d984f2,probe00,1,2023-03-10,NR_0028,steinmetzlab
569,81ef1ec7-dbcc-410f-9bff-b21a62a909fd,29a6def1-fc5c-4eea-ac48-47e9b053dcb5,probe00,1,2023-03-14,NR_0028,steinmetzlab
570,18d316bf-d322-4c5c-814e-a58147f7bf5f,f56194bc-8215-4ae8-bc6a-89781ad8e050,probe01,3,2023-03-15,NR_0028,steinmetzlab
571,f0c390da-d8e3-4b5f-8df7-bd2f153ed01b,f56194bc-8215-4ae8-bc6a-89781ad8e050,probe00,3,2023-03-15,NR_0028,steinmetzlab
572,cc72fdb7-92e8-47e6-9cea-94f27c0da2d8,c958919c-2e75-435d-845d-5b62190b520e,probe00,1,2023-03-20,NR_0028,steinmetzlab
573,703f2cd2-377a-48ec-979a-135863169671,4e560423-5caf-4cda-8511-d1ab4cd2bf7d,probe00a,1,2023-08-29,NR_0029,steinmetzlab
574,9b5fec96-9f19-4ddf-ba1c-3175e15245e9,e6594a5b-552c-421a-b376-1a1baa9dc4fd,probe00,1,2023-08-30,NR_0029,steinmetzlab
575,6a7544a8-d3d4-44a1-a9c6-7f4d460feaac,de905562-31c6-4c31-9ece-3ee87b97eab4,probe00b,1,2023-08-31,NR_0029,steinmetzlab
576,fb962a77-ed5a-40e0-bfdf-b3220427c55e,d85c454e-8737-4cba-b6ad-b2339429d99b,probe00a,1,2023-09-05,NR_0029,steinmetzlab
577,bf746764-78e0-4b9c-bdf6-65b6ff45745d,3a3ea015-b5f4-4e8b-b189-9364d1fc7435,probe00a,1,2023-09-07,NR_0029,steinmetzlab
578,49c2ea3d-2b50-4e8a-b124-9e190960784e,642c97ea-fe89-4ec9-8629-5e492ea4019d,probe00,1,2023-07-12,NR_0031,steinmetzlab
579,b72b22c2-6e9d-4604-9910-20c0e1a467d7,642c97ea-fe89-4ec9-8629-5e492ea4019d,probe01,1,2023-07-12,NR_0031,steinmetzlab
580,4836a465-c691-4852-a0b1-dcd2b1ce38a1,caa5dddc-9290-4e27-9f5e-575ba3598614,probe00,1,2023-07-14,NR_0031,steinmetzlab
581,d0046384-16ea-4f69-bae9-165e8d0aeacf,caa5dddc-9290-4e27-9f5e-575ba3598614,probe01,1,2023-07-14,NR_0031,steinmetzlab
582,3283d8ec-1436-4529-8a16-941bbf65c91d,5139ce2c-7d52-44bf-8129-692d61dd6403,probe00,1,2019-11-26,ibl_witten_13,wittenlab
583,eb82b081-4edc-4d6a-89ee-3453d1c4c8f0,5139ce2c-7d52-44bf-8129-692d61dd6403,probe01,1,2019-11-26,ibl_witten_13,wittenlab
584,958b1089-a066-43e2-990d-8aad703429a2,49368f16-de69-4647-9a7a-761e94517821,probe00,1,2019-11-27,ibl_witten_13,wittenlab
585,11a5a93e-58a9-4ed0-995e-52279ec16b98,ebe090af-5922-4fcd-8fc6-17b8ba7bad6d,probe01,1,2019-12-03,ibl_witten_13,wittenlab
586,800e8e76-dc93-4e52-ae8d-e35ad26daefe,d832d9f7-c96a-4f63-8921-516ba4a7b61f,probe01,3,2020-07-22,ibl_witten_17,wittenlab
587,134e8241-f5d7-4ad7-a8c0-11b34f2eedc3,dcceebe5-4589-44df-a1c1-9fa33e779727,probe00,1,2020-07-23,ibl_witten_17,wittenlab
588,f1c3cf0a-f3ad-479b-8dd2-7d60ab6d03ff,b10ed1ba-2099-42c4-bee3-d053eb594f09,probe00,4,2020-07-30,ibl_witten_17,wittenlab
589,46630957-63fd-4d0d-a2ba-8766f0796db8,cae5cd75-55e5-4277-8db3-cf4d6c5ff918,probe00,4,2020-09-01,ibl_witten_18,wittenlab
590,aec2b14f-5dbc-400b-bf2e-dd13e711e2ff,4ef13091-1bc8-4f32-9619-107bdf48540c,probe00,1,2020-09-02,ibl_witten_18,wittenlab
591,f142d2c6-6d85-4e9d-9c56-07620486e068,25f77e81-c1af-46ab-8686-73ac3d67c4a7,probe00,2,2020-09-03,ibl_witten_18,wittenlab
592,20469b30-1cd8-4078-9883-a840a0f6d787,4ddb8a95-788b-48d0-8a0a-66c7c796da96,probe01,1,2020-07-21,ibl_witten_19,wittenlab
593,d3b3c9a7-cf6a-4d25-b8da-e0f599a26191,4ddb8a95-788b-48d0-8a0a-66c7c796da96,probe00,1,2020-07-21,ibl_witten_19,wittenlab
594,8aba5f8c-4438-4588-9bb0-b20d2fd3eca5,f8041c1e-5ef4-4ae6-afec-ed82d7a74dc1,probe01,1,2020-07-22,ibl_witten_19,wittenlab
595,b549e337-acc5-4837-9c56-e53b173fe5fe,65f5c9b4-4440-48b9-b914-c593a5184a18,probe00,1,2020-07-23,ibl_witten_19,wittenlab
596,81a1cbae-60b6-4013-9511-1bf3855387a2,037d75ca-c90a-43f2-aca6-e86611916779,probe00,1,2020-09-01,ibl_witten_20,wittenlab
597,01937b3b-8719-43c3-b5bd-14e6b0cf2802,e12fbe11-8a6b-4bf6-a955-e5f6cec31ef1,probe00,1,2020-09-02,ibl_witten_20,wittenlab
598,57c5856a-c7bd-4d0f-87c6-37005b1484aa,a7763417-e0d6-4f2a-aa55-e382fd9b5fb8,probe00,1,2020-09-03,ibl_witten_20,wittenlab
599,769b42dc-acf3-4079-b09e-ec979568d297,a7763417-e0d6-4f2a-aa55-e382fd9b5fb8,probe01,1,2020-09-03,ibl_witten_20,wittenlab
600,bc2f8bde-9498-41d7-b9db-83bd05cd34ba,5285c561-80da-4563-8694-739da92e5dd0,probe00,1,2020-12-08,ibl_witten_25,wittenlab
601,f698f893-da01-49a1-ae4b-16f7e42e5ff5,5285c561-80da-4563-8694-739da92e5dd0,probe01,1,2020-12-08,ibl_witten_25,wittenlab
602,84fd7fa3-6c2d-4233-b265-46a427d3d68d,ff96bfe1-d925-4553-94b5-bf8297adf259,probe01,2,2021-01-27,ibl_witten_26,wittenlab
603,86553ccc-2e51-4cfb-a8e6-80da6860c8d9,ff96bfe1-d925-4553-94b5-bf8297adf259,probe00,2,2021-01-27,ibl_witten_26,wittenlab
604,9338f8bb-e097-46d8-81b4-7f37beb4d308,a9138924-4395-4981-83d1-530f6ff7c8fc,probe00,1,2021-01-28,ibl_witten_26,wittenlab
605,d8c7d3f2-f8e7-451d-bca1-7800f4ef52ed,a9138924-4395-4981-83d1-530f6ff7c8fc,probe01,1,2021-01-28,ibl_witten_26,wittenlab
606,5b489aee-75e8-42af-aca6-3026d9a54c2d,8c2f7f4d-7346-42a4-a715-4d37a5208535,probe01,1,2021-01-29,ibl_witten_26,wittenlab
607,0fcb5f66-4d56-4247-8413-aef51e484e67,09394481-8dd2-4d5c-9327-f2753ede92d7,probe00,1,2021-01-30,ibl_witten_26,wittenlab
608,da57bb3a-b0f2-465d-a5fc-cc84341450b0,09394481-8dd2-4d5c-9327-f2753ede92d7,probe01,1,2021-01-30,ibl_witten_26,wittenlab
609,176b4fe3-f570-4d9f-9e25-a5d218f75c8b,dc21e80d-97d7-44ca-a729-a8e3f9b14305,probe00,1,2021-01-31,ibl_witten_26,wittenlab
610,76c5c1a1-3617-4727-9f75-d975c9a08203,25d1920e-a2af-4b6c-9f2e-fc6c65576544,probe01,2,2021-01-13,ibl_witten_27,wittenlab
611,c0e59477-43f0-4441-9f81-3a55ddad9dad,25d1920e-a2af-4b6c-9f2e-fc6c65576544,probe00,2,2021-01-13,ibl_witten_27,wittenlab
612,37137b1d-34d4-4183-9796-abfc9ffb6abe,91e04f86-89df-4dec-a8f8-fa915c9a5f1a,probe00,1,2021-01-15,ibl_witten_27,wittenlab
613,30dfb8c6-9202-43fd-a92d-19fe68602b6f,c728f6fd-58e2-448d-aefb-a72c637b604c,probe00,3,2021-01-16,ibl_witten_27,wittenlab
614,4037a618-e6ba-4142-a6d2-3e32ef25fd1b,c728f6fd-58e2-448d-aefb-a72c637b604c,probe01,3,2021-01-16,ibl_witten_27,wittenlab
615,19137f8d-0f3b-4923-93ad-f741758e1b2e,952870e5-f2a7-4518-9e6d-71585460f6fe,probe01,1,2021-01-19,ibl_witten_27,wittenlab
616,727ff7c4-d63f-4bd8-9888-f134a25b874f,952870e5-f2a7-4518-9e6d-71585460f6fe,probe00,1,2021-01-19,ibl_witten_27,wittenlab
617,94761f31-0dfc-4f67-87ef-6d1ac7f95144,f304211a-81b1-446f-a435-25e589fe3a5a,probe01,1,2021-01-20,ibl_witten_27,wittenlab
618,f31bef35-3f56-4ca9-a34f-09d678f03039,f304211a-81b1-446f-a435-25e589fe3a5a,probe00,1,2021-01-20,ibl_witten_27,wittenlab
619,0851db85-2889-4070-ac18-a40e8ebd96ba,73918ae1-e4fd-4c18-b132-00cb555b1ad2,probe01,1,2021-01-21,ibl_witten_27,wittenlab
620,c9fb5e2e-bd92-41d8-8b7e-394005860a1e,73918ae1-e4fd-4c18-b132-00cb555b1ad2,probe00,1,2021-01-21,ibl_witten_27,wittenlab
621,b25799a5-09e8-4656-9c1b-44bc9cbb5279,d2832a38-27f6-452d-91d6-af72d794136c,probe00,1,2021-06-08,ibl_witten_29,wittenlab
622,d8ccc6bb-f0d9-494a-b682-f12c73e228c6,0cc486c3-8c7b-494d-aa04-b70e2690bcba,probe01,2,2021-06-09,ibl_witten_29,wittenlab
623,db2100c3-64ac-463e-97a1-20ce8266cd5f,0cc486c3-8c7b-494d-aa04-b70e2690bcba,probe00,2,2021-06-09,ibl_witten_29,wittenlab
624,06d42449-d6ac-4c35-8f85-24ecfbc08bc1,e9fc0a2d-c69d-44d1-9fa3-314782387cae,probe00,3,2021-06-10,ibl_witten_29,wittenlab
625,bb7a5967-56ae-4193-920d-142710b4f07d,72028382-a869-4745-bacf-cb8789e16953,probe00,1,2021-06-11,ibl_witten_29,wittenlab
626,7d63ab43-95e4-41f5-bd43-c629578de7a9,af55d16f-0e31-4073-bdb5-26da54914aa2,probe00,3,2021-06-14,ibl_witten_29,wittenlab
627,88e1154c-bd92-446d-bd6d-550062666223,821f1883-27f3-411d-afd3-fb8241bbc39a,probe00,1,2021-06-16,ibl_witten_29,wittenlab
628,5a5a2320-3b0d-485d-aba2-dc96357e00d8,69a0e953-a643-4f0e-bb26-dc65af3ea7d7,probe00,1,2021-06-17,ibl_witten_29,wittenlab
629,366dabe3-2790-4511-a7dc-023a1ad9df75,86b6ba67-c1db-4333-add0-f8105ea6e363,probe00,1,2021-06-18,ibl_witten_29,wittenlab
630,fcc167d6-cb53-4dc7-a58f-06a53cfabc84,86b6ba67-c1db-4333-add0-f8105ea6e363,probe01,1,2021-06-18,ibl_witten_29,wittenlab
631,1f555fc6-5067-428b-a284-da6fb0b6b3a0,58b1e920-cfc8-467e-b28b-7654a55d0977,probe00,1,2021-06-19,ibl_witten_29,wittenlab
632,f7c49002-6565-4314-83f7-19b9a16d8e61,08102cfc-a040-4bcf-b63c-faa0f4914a6f,probe01,2,2021-07-21,ibl_witten_32,wittenlab
633,6d3b68e0-3efd-4b03-b747-16e44118a0a9,3e7ae7c0-fe8b-487c-9354-036236fa1010,probe00,1,2020-01-16,CSH_ZAD_001,zadorlab
634,68c98fb2-402b-4670-9b3b-0c77619998ea,5b44c40f-80f4-44fb-abfb-c7f19e27a6ca,probe01,1,2020-03-21,CSH_ZAD_011,zadorlab
635,d6c810b2-5922-4127-af2b-4b104bc55c2b,5b44c40f-80f4-44fb-abfb-c7f19e27a6ca,probe00,1,2020-03-21,CSH_ZAD_011,zadorlab
636,a3d13b05-bf4d-427a-a2d5-2fe050d603ec,03cf52f6-fba6-4743-a42e-dd1ac3072343,probe00,1,2020-03-22,CSH_ZAD_011,zadorlab
637,b45c8f3f-6361-41df-9bc1-9df98b3d30e6,03cf52f6-fba6-4743-a42e-dd1ac3072343,probe01,1,2020-03-22,CSH_ZAD_011,zadorlab
638,dd619e10-5df1-4c79-bd62-cc00937b5d36,da188f2c-553c-4e04-879b-c9ea2d1b9a93,probe01,1,2020-03-23,CSH_ZAD_011,zadorlab
639,eda7a3ac-f038-4603-9c68-816234e9c4eb,da188f2c-553c-4e04-879b-c9ea2d1b9a93,probe00,1,2020-03-23,CSH_ZAD_011,zadorlab
640,4c04120d-523a-4795-ba8f-49dbb8d9f63a,7f6b86f9-879a-4ea2-8531-294a221af5d0,probe01,1,2020-08-14,CSH_ZAD_019,zadorlab
641,9657af01-50bd-4120-8303-416ad9e24a51,7f6b86f9-879a-4ea2-8531-294a221af5d0,probe00,1,2020-08-14,CSH_ZAD_019,zadorlab
642,96fe2729-b5a2-4e77-92bb-9df410144768,5adab0b7-dfd0-467d-b09d-43cb7ca5d59c,probe01,1,2020-08-16,CSH_ZAD_019,zadorlab
643,b4131145-9675-4433-88e1-9ae016c701dd,5adab0b7-dfd0-467d-b09d-43cb7ca5d59c,probe00,1,2020-08-16,CSH_ZAD_019,zadorlab
644,0fa33419-e7b9-4d00-8cab-3b51f93ecf0c,49e0ab27-827a-4c91-bcaa-97eea27a1b8d,probe00,1,2020-08-18,CSH_ZAD_019,zadorlab
645,ed469fda-4519-456f-a671-cf901222b4f8,49e0ab27-827a-4c91-bcaa-97eea27a1b8d,probe01,1,2020-08-18,CSH_ZAD_019,zadorlab
646,257d0357-76ed-4220-8d50-68da6efda72d,edd22318-216c-44ff-bc24-49ce8be78374,probe00,1,2020-08-19,CSH_ZAD_019,zadorlab
647,30ac1320-d671-46fc-87ef-875cdfc6b4eb,edd22318-216c-44ff-bc24-49ce8be78374,probe01,1,2020-08-19,CSH_ZAD_019,zadorlab
648,e6508b9a-9dec-47d7-88c7-b0a72c7d1134,8db36de1-8f17-4446-b527-b5d91909b45a,probe01,1,2020-05-19,CSH_ZAD_022,zadorlab
649,b3065f45-7227-4099-9f8c-7e81e677d8cf,1eac875c-feaa-4a30-b148-059b954b11d8,probe01,1,2020-05-20,CSH_ZAD_022,zadorlab
650,2781c08e-a356-4a0d-8c28-4f94d1c87f69,41431f53-69fd-4e3b-80ce-ea62e03bf9c7,probe00,1,2020-05-21,CSH_ZAD_022,zadorlab
651,a9c9df46-85f3-46ad-848d-c6b8da4ae67c,41431f53-69fd-4e3b-80ce-ea62e03bf9c7,probe01,1,2020-05-21,CSH_ZAD_022,zadorlab
652,362823e7-5514-41d3-a31d-4b73f91ad3d0,a66f1593-dafd-4982-9b66-f9554b6c86b5,probe01,1,2020-05-23,CSH_ZAD_022,zadorlab
653,57656bee-e32e-4848-b924-0f6f18cfdfb1,a66f1593-dafd-4982-9b66-f9554b6c86b5,probe00,1,2020-05-23,CSH_ZAD_022,zadorlab
654,4364cabe-a27c-4bd5-b398-1d068aca47cf,a82800ce-f4e3-4464-9b80-4c3d6fade333,probe00,1,2020-05-24,CSH_ZAD_022,zadorlab
655,b8df4cc3-e973-4267-8cf8-a55cea77e1ac,a82800ce-f4e3-4464-9b80-4c3d6fade333,probe01,1,2020-05-24,CSH_ZAD_022,zadorlab
656,179ce6d0-e348-4257-b718-e58dd4134589,6a601cc5-7b79-4c75-b0e8-552246532f82,probe01,2,2020-05-25,CSH_ZAD_022,zadorlab
657,532bb33e-f22f-454a-ba1f-561d1578b250,6a601cc5-7b79-4c75-b0e8-552246532f82,probe00,2,2020-05-25,CSH_ZAD_022,zadorlab
658,3220377b-f53e-412d-a859-ef8ccb8f0a40,90e74228-fd1a-482f-bd56-05dbad132861,probe00,1,2020-05-26,CSH_ZAD_022,zadorlab
659,9ac90b86-fc72-4ca0-9389-c8b3a77da437,b81e3e11-9a60-4114-b894-09f85074d9c3,probe00,1,2020-05-27,CSH_ZAD_022,zadorlab
660,9bd71ac6-c455-41f3-8c56-59987a649ac4,8207abc6-6b23-4762-92b4-82e05bed5143,probe01,1,2020-06-08,CSH_ZAD_024,zadorlab
661,e22d047c-5beb-4e5b-9a3d-53b637743856,8207abc6-6b23-4762-92b4-82e05bed5143,probe00,1,2020-06-08,CSH_ZAD_024,zadorlab
662,38981973-20de-44e5-8717-efcf88642502,20c112a1-8a42-44e0-a4cd-e5b932f7bda9,probe01,1,2020-07-26,CSH_ZAD_025,zadorlab
663,d06bdedb-e173-4fe5-a4f1-ab9ab53f9761,20c112a1-8a42-44e0-a4cd-e5b932f7bda9,probe00,1,2020-07-26,CSH_ZAD_025,zadorlab
664,99086aba-f671-42b5-bdc0-e665c61f5452,549caacc-3bd7-40f1-913d-e94141816547,probe00,1,2020-07-27,CSH_ZAD_025,zadorlab
665,9e979599-11e1-4372-96fc-e80520f3e668,549caacc-3bd7-40f1-913d-e94141816547,probe01,1,2020-07-27,CSH_ZAD_025,zadorlab
666,1bd85dab-7a53-49d1-acd4-e82f9fd07cf6,6274dda8-3a59-4aa1-95f8-a8a549c46a26,probe01,1,2020-07-30,CSH_ZAD_025,zadorlab
667,f9b2e36b-eef8-402f-b121-786dfed58bcb,6274dda8-3a59-4aa1-95f8-a8a549c46a26,probe00,1,2020-07-30,CSH_ZAD_025,zadorlab
668,43436b4b-0431-407f-b83d-d657ec22b5c6,90c61c38-b9fd-4cc3-9795-29160d2f8e55,probe00,1,2020-07-31,CSH_ZAD_025,zadorlab
669,fe380793-8035-414e-b000-09bfe5ece92a,ff48aa1d-ef30-4903-ac34-8c41b738c1b9,probe01,1,2020-08-03,CSH_ZAD_025,zadorlab
670,64d04585-67e7-4320-baad-8d4589fd18f7,280ee768-f7b8-4c6c-9ea0-48ca75d6b6f3,probe01,2,2020-08-04,CSH_ZAD_025,zadorlab
671,f9d783f9-7d2e-4b53-83f7-9409f788cbca,280ee768-f7b8-4c6c-9ea0-48ca75d6b6f3,probe00,2,2020-08-04,CSH_ZAD_025,zadorlab
672,4994543f-20e8-4421-adca-8739984e07ad,c557324b-b95d-414c-888f-6ee1329a2329,probe01,1,2020-08-12,CSH_ZAD_025,zadorlab
673,d8dae4d0-e11d-4b4d-8bd9-103c13491eb7,c557324b-b95d-414c-888f-6ee1329a2329,probe00,1,2020-08-12,CSH_ZAD_025,zadorlab
674,0dfc64c5-80bc-43b6-a7c4-2fb6e638e9f3,5d01d14e-aced-4465-8f8e-9a1c674f62ec,probe01,2,2020-08-14,CSH_ZAD_026,zadorlab
675,c84144db-4498-4627-b72a-975a6b618715,5d01d14e-aced-4465-8f8e-9a1c674f62ec,probe00,2,2020-08-14,CSH_ZAD_026,zadorlab
676,920865d3-1581-4e81-bd63-ab2186024564,e56541a5-a6d5-4750-b1fe-f6b5257bfe7c,probe00,1,2020-08-15,CSH_ZAD_026,zadorlab
677,d1d9defc-6f73-489f-9f14-2c0b5e970b2d,e56541a5-a6d5-4750-b1fe-f6b5257bfe7c,probe01,1,2020-08-15,CSH_ZAD_026,zadorlab
678,03d2d8d1-a116-4763-8425-4ef7b1c1bd35,81a78eac-9d36-4f90-a73a-7eb3ad7f770b,probe01,1,2020-08-17,CSH_ZAD_026,zadorlab
679,5011eba9-8926-4a73-b729-579d02676d25,81a78eac-9d36-4f90-a73a-7eb3ad7f770b,probe00,1,2020-08-17,CSH_ZAD_026,zadorlab
680,79b2e46e-e2ee-446e-b875-9aff03ef52d2,626126d5-eecf-4e9b-900e-ec29a17ece07,probe00,1,2020-08-18,CSH_ZAD_026,zadorlab
681,f211d54e-e7eb-4188-bdcd-faa9c4317e9e,626126d5-eecf-4e9b-900e-ec29a17ece07,probe01,1,2020-08-18,CSH_ZAD_026,zadorlab
682,00a96dee-1e8b-44cc-9cc3-aca704d2b594,b69b86be-af7d-4ecf-8cbf-0cd356afa1bd,probe01,1,2020-08-19,CSH_ZAD_026,zadorlab
683,8d89b7d0-33e7-45c6-9972-d3ad4c1e5f4c,b69b86be-af7d-4ecf-8cbf-0cd356afa1bd,probe00,1,2020-08-19,CSH_ZAD_026,zadorlab
684,8ca1a850-26ef-42be-8b28-c2e2d12f06d6,15763234-d21e-491f-a01b-1238eb96d389,probe00,1,2020-09-04,CSH_ZAD_026,zadorlab
685,3bd1f88b-4e0c-43a6-9483-3305e82f2fae,e349a2e7-50a3-47ca-bc45-20d1899854ec,probe00,1,2020-09-11,CSH_ZAD_029,zadorlab
686,c9664185-d3fd-4e0e-89cf-77c402038938,e349a2e7-50a3-47ca-bc45-20d1899854ec,probe01,1,2020-09-11,CSH_ZAD_029,zadorlab
687,54c8f5de-83d7-49b9-9b4c-67fe0f07289b,1ec23a70-b94b-4e9c-a0df-8c2151da3761,probe00,1,2020-09-13,CSH_ZAD_029,zadorlab
688,91fb4ed3-ee27-4d7e-ba5d-f61202ed9884,1ec23a70-b94b-4e9c-a0df-8c2151da3761,probe01,1,2020-09-13,CSH_ZAD_029,zadorlab
689,1fa9efcf-def3-40b1-86ae-ca411da98ef2,fcd49e34-f07b-441c-b2ac-cb8c462ec5ac,probe01,1,2020-09-14,CSH_ZAD_029,zadorlab
690,ece878b9-830d-4618-b801-ad0e7d8e7085,fcd49e34-f07b-441c-b2ac-cb8c462ec5ac,probe00,1,2020-09-14,CSH_ZAD_029,zadorlab
691,180d278e-1a49-42da-a624-24aa14b57a4e,5522ac4b-0e41-4c53-836a-aaa17e82b9eb,probe00,1,2020-09-15,CSH_ZAD_029,zadorlab
692,d14f70e6-bf7b-4d6d-a380-bfd0a46ed7a1,5522ac4b-0e41-4c53-836a-aaa17e82b9eb,probe01,1,2020-09-15,CSH_ZAD_029,zadorlab
693,81b1800e-f138-4337-abc9-bb0449b77852,993c7024-0abc-4028-ad30-d397ad55b084,probe00,1,2020-09-16,CSH_ZAD_029,zadorlab
694,8bf0f1a4-0d8c-4df3-a99e-f7c81c809652,993c7024-0abc-4028-ad30-d397ad55b084,probe01,1,2020-09-16,CSH_ZAD_029,zadorlab
695,5d570bf6-a4c6-4bf1-a14b-2c878c84ef0e,fece187f-b47f-4870-a1d6-619afe942a7d,probe01,1,2020-09-17,CSH_ZAD_029,zadorlab
696,f7c93877-ec05-4091-a003-e69fae0f2fa8,fece187f-b47f-4870-a1d6-619afe942a7d,probe00,1,2020-09-17,CSH_ZAD_029,zadorlab
697,675952a4-e8b3-4e82-a179-cc970d5a8b01,c7bd79c9-c47e-4ea5-aea3-74dda991b48e,probe01,1,2020-09-19,CSH_ZAD_029,zadorlab
698,79f44ba1-c931-4346-82eb-f628a9374045,c7bd79c9-c47e-4ea5-aea3-74dda991b48e,probe00,1,2020-09-19,CSH_ZAD_029,zadorlab
